// Note: Comment row start with double forward slash.,,,,,
,,,,,
// Fixings data started here below:,,,,,
,,,,,
FixingName,Source,Revision,Date,ScaleFactor,Value
USDJPY-SPOT,BLOOMBERG,1,1-Mar-17,1,108.775
USDJPY-SPOT,BLOOMBERG,1,2-Mar-17,1,108.775
USDJPY-SPOT,BLOOMBERG,1,3-Mar-17,1,108.775
USDJPY-SPOT,BLOOMBERG,1,6-Mar-17,1,108.775
USDJPY-SPOT,BLOOMBERG,1,7-Mar-17,1,108.775
USDJPY-SPOT,BLOOMBERG,1,8-Mar-17,1,108.775
USDJPY-SPOT,BLOOMBERG,1,9-Mar-17,1,108.775
USDJPY-SPOT,BLOOMBERG,1,10-Mar-17,1,108.775
USDJPY-SPOT,BLOOMBERG,1,13-Mar-17,1,108.775
USDJPY-SPOT,BLOOMBERG,1,14-Mar-17,1,108.775
USDJPY-SPOT,BLOOMBERG,1,15-Mar-17,1,108.775
USDJPY-SPOT,BLOOMBERG,1,16-Mar-17,1,108.775
USDJPY-SPOT,BLOOMBERG,1,17-Mar-17,1,108.775
USDJPY-SPOT,BLOOMBERG,1,20-Mar-17,1,108.775
USDJPY-SPOT,BLOOMBERG,1,21-Mar-17,1,108.775
USDJPY-SPOT,BLOOMBERG,1,22-Mar-17,1,108.775
USDJPY-SPOT,BLOOMBERG,1,23-Mar-17,1,108.775
USDJPY-SPOT,BLOOMBERG,1,24-Mar-17,1,108.775
USDJPY-SPOT,BLOOMBERG,1,27-Mar-17,1,108.775
USDJPY-SPOT,BLOOMBERG,1,28-Mar-17,1,108.775
USDJPY-SPOT,BLOOMBERG,1,29-Mar-17,1,108.775
USDJPY-SPOT,BLOOMBERG,1,30-Mar-17,1,108.775
USDJPY-SPOT,BLOOMBERG,1,31-Mar-17,1,108.775
,,,,,
,,,,,
FixingName,Source,Revision,Date,ScaleFactor,Value
USDCNY-SPOT,BLOOMBERG,1,1-Mar-17,1,108.775
USDCNY-SPOT,BLOOMBERG,1,2-Mar-17,1,108.775
,,,,,
,,,,,
FixingName,Source,Revision,Date,ScaleFactor,Value
EURUSD-SPOT,BLOOMBERG,1,1-Mar-17,1,1.09
EURUSD-SPOT,BLOOMBERG,1,2-Mar-17,1,1.09
,,,,,
,,,,,
FixingName,Source,Revision,Date,ScaleFactor,Value
EURCNY-SPOT,BLOOMBERG,1,1-Mar-17,1,118.56475
EURCNY-SPOT,BLOOMBERG,1,2-Mar-17,1,118.56475
,,,,,
,,,,,
,,,,,
FixingName,Source,Revision,Date,ScaleFactor,Value
US0003M,BLOOMBERG,1,2-Jan-18,0.01,1.69693
US0003M,BLOOMBERG,1,3-Jan-18,0.01,1.69593
US0003M,BLOOMBERG,1,4-Jan-18,0.01,1.70381
US0003M,BLOOMBERG,1,5-Jan-18,0.01,1.70393
US0003M,BLOOMBERG,1,8-Jan-18,0.01,1.70802
US0003M,BLOOMBERG,1,9-Jan-18,0.01,1.70457
US0003M,BLOOMBERG,1,10-Jan-18,0.01,1.70911
US0003M,BLOOMBERG,1,11-Jan-18,0.01,1.72019
US0003M,BLOOMBERG,1,12-Jan-18,0.01,1.72152
US0003M,BLOOMBERG,1,15-Jan-18,0.01,1.73133
US0003M,BLOOMBERG,1,16-Jan-18,0.01,1.73408
US0003M,BLOOMBERG,1,17-Jan-18,0.01,1.73918
US0003M,BLOOMBERG,1,18-Jan-18,0.01,1.7447
US0003M,BLOOMBERG,1,19-Jan-18,0.01,1.74447
US0003M,BLOOMBERG,1,22-Jan-18,0.01,1.7413
US0003M,BLOOMBERG,1,23-Jan-18,0.01,1.7452
US0003M,BLOOMBERG,1,24-Jan-18,0.01,1.75246
US0003M,BLOOMBERG,1,25-Jan-18,0.01,1.76031
US0003M,BLOOMBERG,1,26-Jan-18,0.01,1.7669
US0003M,BLOOMBERG,1,29-Jan-18,0.01,1.77225
US0003M,BLOOMBERG,1,30-Jan-18,0.01,1.7734
US0003M,BLOOMBERG,1,31-Jan-18,0.01,1.77777
US0003M,BLOOMBERG,1,1-Feb-18,0.01,1.78698
US0003M,BLOOMBERG,1,2-Feb-18,0.01,1.78902
US0003M,BLOOMBERG,1,5-Feb-18,0.01,1.79345
US0003M,BLOOMBERG,1,6-Feb-18,0.01,1.7907
US0003M,BLOOMBERG,1,7-Feb-18,0.01,1.79989
US0003M,BLOOMBERG,1,8-Feb-18,0.01,1.8105
US0003M,BLOOMBERG,1,9-Feb-18,0.01,1.82
US0003M,BLOOMBERG,1,12-Feb-18,0.01,1.83338
US0003M,BLOOMBERG,1,13-Feb-18,0.01,1.83875
US0003M,BLOOMBERG,1,14-Feb-18,0.01,1.85
US0003M,BLOOMBERG,1,15-Feb-18,0.01,1.8725
US0003M,BLOOMBERG,1,16-Feb-18,0.01,1.88494
US0003M,BLOOMBERG,1,19-Feb-18,0.01,1.89213
US0003M,BLOOMBERG,1,20-Feb-18,0.01,1.90394
US0003M,BLOOMBERG,1,21-Feb-18,0.01,1.91975
US0003M,BLOOMBERG,1,22-Feb-18,0.01,1.94363
US0003M,BLOOMBERG,1,23-Feb-18,0.01,1.95625
US0003M,BLOOMBERG,1,26-Feb-18,0.01,1.98419
US0003M,BLOOMBERG,1,27-Feb-18,0.01,2.00625
US0003M,BLOOMBERG,1,28-Feb-18,0.01,2.01719
US0003M,BLOOMBERG,1,1-Mar-18,0.01,2.02457
US0003M,BLOOMBERG,1,2-Mar-18,0.01,2.02519
US0003M,BLOOMBERG,1,5-Mar-18,0.01,2.0349
US0003M,BLOOMBERG,1,6-Mar-18,0.01,2.04728
US0003M,BLOOMBERG,1,7-Mar-18,0.01,2.05725
US0003M,BLOOMBERG,1,8-Mar-18,0.01,2.0714
US0003M,BLOOMBERG,1,9-Mar-18,0.01,2.08875
US0003M,BLOOMBERG,1,12-Mar-18,0.01,2.10688
US0003M,BLOOMBERG,1,13-Mar-18,0.01,2.1245
US0003M,BLOOMBERG,1,14-Mar-18,0.01,2.145
US0003M,BLOOMBERG,1,15-Mar-18,0.01,2.1775
US0003M,BLOOMBERG,1,16-Mar-18,0.01,2.20175
US0003M,BLOOMBERG,1,19-Mar-18,0.01,2.22249
US0003M,BLOOMBERG,1,20-Mar-18,0.01,2.24814
US0003M,BLOOMBERG,1,21-Mar-18,0.01,2.27108
US0003M,BLOOMBERG,1,22-Mar-18,0.01,2.28557
US0003M,BLOOMBERG,1,23-Mar-18,0.01,2.29155
US0003M,BLOOMBERG,1,26-Mar-18,0.01,2.29496
US0003M,BLOOMBERG,1,27-Mar-18,0.01,2.302
US0003M,BLOOMBERG,1,28-Mar-18,0.01,2.308
US0003M,BLOOMBERG,1,29-Mar-18,0.01,2.31175
US0003M,BLOOMBERG,1,3-Apr-18,0.01,2.32084
US0003M,BLOOMBERG,1,4-Apr-18,0.01,2.32461
US0003M,BLOOMBERG,1,5-Apr-18,0.01,2.33063
US0003M,BLOOMBERG,1,6-Apr-18,0.01,2.33746
US0003M,BLOOMBERG,1,9-Apr-18,0.01,2.3373
US0003M,BLOOMBERG,1,10-Apr-18,0.01,2.33903
US0003M,BLOOMBERG,1,11-Apr-18,0.01,2.34163
US0003M,BLOOMBERG,1,12-Apr-18,0.01,2.34769
US0003M,BLOOMBERG,1,13-Apr-18,0.01,2.35281
US0003M,BLOOMBERG,1,16-Apr-18,0.01,2.35509
US0003M,BLOOMBERG,1,17-Apr-18,0.01,2.35539
US0003M,BLOOMBERG,1,18-Apr-18,0.01,2.35866
US0003M,BLOOMBERG,1,19-Apr-18,0.01,2.36156
US0003M,BLOOMBERG,1,20-Apr-18,0.01,2.35923
US0003M,BLOOMBERG,1,23-Apr-18,0.01,2.35954
US0003M,BLOOMBERG,1,24-Apr-18,0.01,2.36167
US0003M,BLOOMBERG,1,25-Apr-18,0.01,2.36561
US0003M,BLOOMBERG,1,26-Apr-18,0.01,2.35878
US0003M,BLOOMBERG,1,27-Apr-18,0.01,2.35805
US0003M,BLOOMBERG,1,30-Apr-18,0.01,2.36294
US0003M,BLOOMBERG,1,1-May-18,0.01,2.35375
US0003M,BLOOMBERG,1,2-May-18,0.01,2.36294
US0003M,BLOOMBERG,1,3-May-18,0.01,2.36313
US0003M,BLOOMBERG,1,4-May-18,0.01,2.36906
US0003M,BLOOMBERG,1,8-May-18,0.01,2.3525
US0003M,BLOOMBERG,1,9-May-18,0.01,2.35575
US0003M,BLOOMBERG,1,10-May-18,0.01,2.355
US0003M,BLOOMBERG,1,11-May-18,0.01,2.3425
US0003M,BLOOMBERG,1,14-May-18,0.01,2.33
US0003M,BLOOMBERG,1,15-May-18,0.01,2.32063
US0003M,BLOOMBERG,1,16-May-18,0.01,2.32563
US0003M,BLOOMBERG,1,17-May-18,0.01,2.33125
US0003M,BLOOMBERG,1,18-May-18,0.01,2.32938
US0003M,BLOOMBERG,1,21-May-18,0.01,2.33
US0003M,BLOOMBERG,1,22-May-18,0.01,2.33
US0003M,BLOOMBERG,1,23-May-18,0.01,2.33
US0003M,BLOOMBERG,1,24-May-18,0.01,2.31938
US0003M,BLOOMBERG,1,25-May-18,0.01,2.31813
US0003M,BLOOMBERG,1,29-May-18,0.01,2.30719
US0003M,BLOOMBERG,1,30-May-18,0.01,2.30031
US0003M,BLOOMBERG,1,31-May-18,0.01,2.32125
US0003M,BLOOMBERG,1,1-Jun-18,0.01,2.31781
US0003M,BLOOMBERG,1,4-Jun-18,0.01,2.31381
US0003M,BLOOMBERG,1,5-Jun-18,0.01,2.31919
US0003M,BLOOMBERG,1,6-Jun-18,0.01,2.32088
US0003M,BLOOMBERG,1,7-Jun-18,0.01,2.32713
US0003M,BLOOMBERG,1,8-Jun-18,0.01,2.32631
US0003M,BLOOMBERG,1,11-Jun-18,0.01,2.33263
US0003M,BLOOMBERG,1,12-Jun-18,0.01,2.33563
US0003M,BLOOMBERG,1,13-Jun-18,0.01,2.34063
US0003M,BLOOMBERG,1,14-Jun-18,0.01,2.33469
US0003M,BLOOMBERG,1,15-Jun-18,0.01,2.32594
US0003M,BLOOMBERG,1,18-Jun-18,0.01,2.32469
US0003M,BLOOMBERG,1,19-Jun-18,0.01,2.33025
US0003M,BLOOMBERG,1,20-Jun-18,0.01,2.33188
US0003M,BLOOMBERG,1,21-Jun-18,0.01,2.33506
US0003M,BLOOMBERG,1,22-Jun-18,0.01,2.33888
US0003M,BLOOMBERG,1,25-Jun-18,0.01,2.337
US0003M,BLOOMBERG,1,26-Jun-18,0.01,2.33563
US0003M,BLOOMBERG,1,27-Jun-18,0.01,2.33438
US0003M,BLOOMBERG,1,28-Jun-18,0.01,2.33738
US0003M,BLOOMBERG,1,29-Jun-18,0.01,2.33575
US0003M,BLOOMBERG,1,2-Jul-18,0.01,2.3425
US0003M,BLOOMBERG,1,3-Jul-18,0.01,2.33725
US0003M,BLOOMBERG,1,4-Jul-18,0.01,2.33731
US0003M,BLOOMBERG,1,5-Jul-18,0.01,2.33863
US0003M,BLOOMBERG,1,6-Jul-18,0.01,2.33144
US0003M,BLOOMBERG,1,9-Jul-18,0.01,2.33313
US0003M,BLOOMBERG,1,10-Jul-18,0.01,2.33744
US0003M,BLOOMBERG,1,11-Jul-18,0.01,2.337
US0003M,BLOOMBERG,1,12-Jul-18,0.01,2.33919
US0003M,BLOOMBERG,1,13-Jul-18,0.01,2.336
US0003M,BLOOMBERG,1,16-Jul-18,0.01,2.33263
US0003M,BLOOMBERG,1,17-Jul-18,0.01,2.34194
US0003M,BLOOMBERG,1,18-Jul-18,0.01,2.3475
US0003M,BLOOMBERG,1,19-Jul-18,0.01,2.34706
US0003M,BLOOMBERG,1,20-Jul-18,0.01,2.34156
US0003M,BLOOMBERG,1,23-Jul-18,0.01,2.33531
US0003M,BLOOMBERG,1,24-Jul-18,0.01,2.33488
US0003M,BLOOMBERG,1,25-Jul-18,0.01,2.33688
US0003M,BLOOMBERG,1,26-Jul-18,0.01,2.33888
US0003M,BLOOMBERG,1,27-Jul-18,0.01,2.34238
US0003M,BLOOMBERG,1,30-Jul-18,0.01,2.34313
US0003M,BLOOMBERG,1,31-Jul-18,0.01,2.34856
US0003M,BLOOMBERG,1,1-Aug-18,0.01,2.34825
US0003M,BLOOMBERG,1,2-Aug-18,0.01,2.3405
US0003M,BLOOMBERG,1,3-Aug-18,0.01,2.343
US0003M,BLOOMBERG,1,6-Aug-18,0.01,2.34325
US0003M,BLOOMBERG,1,7-Aug-18,0.01,2.34144
US0003M,BLOOMBERG,1,8-Aug-18,0.01,2.3405
US0003M,BLOOMBERG,1,9-Aug-18,0.01,2.338
US0003M,BLOOMBERG,1,10-Aug-18,0.01,2.31925
US0003M,BLOOMBERG,1,13-Aug-18,0.01,2.31375
US0003M,BLOOMBERG,1,14-Aug-18,0.01,2.31519
US0003M,BLOOMBERG,1,15-Aug-18,0.01,2.31175
US0003M,BLOOMBERG,1,16-Aug-18,0.01,2.32225
US0003M,BLOOMBERG,1,17-Aug-18,0.01,2.31188
US0003M,BLOOMBERG,1,20-Aug-18,0.01,2.30963
US0003M,BLOOMBERG,1,21-Aug-18,0.01,2.31025
US0003M,BLOOMBERG,1,22-Aug-18,0.01,2.31175
US0003M,BLOOMBERG,1,23-Aug-18,0.01,2.31138
US0003M,BLOOMBERG,1,24-Aug-18,0.01,2.31725
US0003M,BLOOMBERG,1,28-Aug-18,0.01,2.31475
US0003M,BLOOMBERG,1,29-Aug-18,0.01,2.31263
US0003M,BLOOMBERG,1,30-Aug-18,0.01,2.32125
US0003M,BLOOMBERG,1,31-Aug-18,0.01,2.32075
US0003M,BLOOMBERG,1,3-Sep-18,0.01,2.31563
US0003M,BLOOMBERG,1,4-Sep-18,0.01,2.32275
US0003M,BLOOMBERG,1,5-Sep-18,0.01,2.31681
US0003M,BLOOMBERG,1,6-Sep-18,0.01,2.32706
US0003M,BLOOMBERG,1,7-Sep-18,0.01,2.33125
US0003M,BLOOMBERG,1,10-Sep-18,0.01,2.33425
US0003M,BLOOMBERG,1,11-Sep-18,0.01,2.33425
US0003M,BLOOMBERG,1,12-Sep-18,0.01,2.3315
US0003M,BLOOMBERG,1,13-Sep-18,0.01,2.33413
US0003M,BLOOMBERG,1,14-Sep-18,0.01,2.33713
US0003M,BLOOMBERG,1,17-Sep-18,0.01,2.33875
US0003M,BLOOMBERG,1,18-Sep-18,0.01,2.3375
US0003M,BLOOMBERG,1,19-Sep-18,0.01,2.35338
US0003M,BLOOMBERG,1,20-Sep-18,0.01,2.36638
US0003M,BLOOMBERG,1,21-Sep-18,0.01,2.37263
US0003M,BLOOMBERG,1,24-Sep-18,0.01,2.37363
US0003M,BLOOMBERG,1,25-Sep-18,0.01,2.381
US0003M,BLOOMBERG,1,26-Sep-18,0.01,2.38613
US0003M,BLOOMBERG,1,27-Sep-18,0.01,2.396
US0003M,BLOOMBERG,1,28-Sep-18,0.01,2.39838
US0003M,BLOOMBERG,1,1-Oct-18,0.01,2.39813
US0003M,BLOOMBERG,1,2-Oct-18,0.01,2.4075
US0003M,BLOOMBERG,1,3-Oct-18,0.01,2.40825
US0003M,BLOOMBERG,1,4-Oct-18,0.01,2.40963
US0003M,BLOOMBERG,1,5-Oct-18,0.01,2.40806
US0003M,BLOOMBERG,1,8-Oct-18,0.01,2.41425
US0003M,BLOOMBERG,1,9-Oct-18,0.01,2.42044
US0003M,BLOOMBERG,1,10-Oct-18,0.01,2.42519
US0003M,BLOOMBERG,1,11-Oct-18,0.01,2.43631
US0003M,BLOOMBERG,1,12-Oct-18,0.01,2.43644
US0003M,BLOOMBERG,1,15-Oct-18,0.01,2.44881
US0003M,BLOOMBERG,1,16-Oct-18,0.01,2.44456
US0003M,BLOOMBERG,1,17-Oct-18,0.01,2.44963
US0003M,BLOOMBERG,1,18-Oct-18,0.01,2.469
US0003M,BLOOMBERG,1,19-Oct-18,0.01,2.47719
US0003M,BLOOMBERG,1,22-Oct-18,0.01,2.48738
US0003M,BLOOMBERG,1,23-Oct-18,0.01,2.48988
US0003M,BLOOMBERG,1,24-Oct-18,0.01,2.508
US0003M,BLOOMBERG,1,25-Oct-18,0.01,2.50925
US0003M,BLOOMBERG,1,26-Oct-18,0.01,2.52038
US0003M,BLOOMBERG,1,29-Oct-18,0.01,2.52663
US0003M,BLOOMBERG,1,30-Oct-18,0.01,2.541
US0003M,BLOOMBERG,1,31-Oct-18,0.01,2.5585
US0003M,BLOOMBERG,1,1-Nov-18,0.01,2.5815
US0003M,BLOOMBERG,1,2-Nov-18,0.01,2.59238
US0003M,BLOOMBERG,1,5-Nov-18,0.01,2.58925
US0003M,BLOOMBERG,1,6-Nov-18,0.01,2.59125
US0003M,BLOOMBERG,1,7-Nov-18,0.01,2.60113
US0003M,BLOOMBERG,1,8-Nov-18,0.01,2.61463
US0003M,BLOOMBERG,1,9-Nov-18,0.01,2.61813
US0003M,BLOOMBERG,1,12-Nov-18,0.01,2.61413
US0003M,BLOOMBERG,1,13-Nov-18,0.01,2.61613
US0003M,BLOOMBERG,1,14-Nov-18,0.01,2.629
US0003M,BLOOMBERG,1,15-Nov-18,0.01,2.64
US0003M,BLOOMBERG,1,16-Nov-18,0.01,2.6445
US0003M,BLOOMBERG,1,19-Nov-18,0.01,2.64581
US0003M,BLOOMBERG,1,20-Nov-18,0.01,2.65313
US0003M,BLOOMBERG,1,21-Nov-18,0.01,2.67694
US0003M,BLOOMBERG,1,22-Nov-18,0.01,2.68925
US0003M,BLOOMBERG,1,23-Nov-18,0.01,2.69119
US0003M,BLOOMBERG,1,26-Nov-18,0.01,2.70681
US0003M,BLOOMBERG,1,27-Nov-18,0.01,2.706
US0003M,BLOOMBERG,1,28-Nov-18,0.01,2.70663
US0003M,BLOOMBERG,1,29-Nov-18,0.01,2.73813
US0003M,BLOOMBERG,1,30-Nov-18,0.01,2.73613
US0003M,BLOOMBERG,1,3-Dec-18,0.01,2.75125
US0003M,BLOOMBERG,1,4-Dec-18,0.01,2.73888
US0003M,BLOOMBERG,1,5-Dec-18,0.01,2.76575
US0003M,BLOOMBERG,1,6-Dec-18,0.01,2.76713
US0003M,BLOOMBERG,1,7-Dec-18,0.01,2.77106
US0003M,BLOOMBERG,1,10-Dec-18,0.01,2.77594
US0003M,BLOOMBERG,1,11-Dec-18,0.01,2.779
US0003M,BLOOMBERG,1,12-Dec-18,0.01,2.7775
US0003M,BLOOMBERG,1,13-Dec-18,0.01,2.78819
US0003M,BLOOMBERG,1,14-Dec-18,0.01,2.80069
US0003M,BLOOMBERG,1,17-Dec-18,0.01,2.80363
US0003M,BLOOMBERG,1,18-Dec-18,0.01,2.792
US0003M,BLOOMBERG,1,19-Dec-18,0.01,2.78963
US0003M,BLOOMBERG,1,20-Dec-18,0.01,2.82375
US0003M,BLOOMBERG,1,21-Dec-18,0.01,2.82163
US0003M,BLOOMBERG,1,24-Dec-18,0.01,2.81344
US0003M,BLOOMBERG,1,27-Dec-18,0.01,2.803
US0003M,BLOOMBERG,1,28-Dec-18,0.01,2.797
US0003M,BLOOMBERG,1,31-Dec-18,0.01,2.80763
US0003M,BLOOMBERG,1,2-Jan-19,0.01,2.79388
US0003M,BLOOMBERG,1,3-Jan-19,0.01,2.795
US0003M,BLOOMBERG,1,4-Jan-19,0.01,2.80388
US0003M,BLOOMBERG,1,7-Jan-19,0.01,2.79681
US0003M,BLOOMBERG,1,8-Jan-19,0.01,2.7825
US0003M,BLOOMBERG,1,9-Jan-19,0.01,2.79888
US0003M,BLOOMBERG,1,10-Jan-19,0.01,2.79694
US0003M,BLOOMBERG,1,11-Jan-19,0.01,2.78731
US0003M,BLOOMBERG,1,14-Jan-19,0.01,2.77894
US0003M,BLOOMBERG,1,15-Jan-19,0.01,2.77344
US0003M,BLOOMBERG,1,16-Jan-19,0.01,2.78031
US0003M,BLOOMBERG,1,17-Jan-19,0.01,2.77575
US0003M,BLOOMBERG,1,18-Jan-19,0.01,2.761
US0003M,BLOOMBERG,1,21-Jan-19,0.01,2.77238
US0003M,BLOOMBERG,1,22-Jan-19,0.01,2.77925
US0003M,BLOOMBERG,1,23-Jan-19,0.01,2.77063
US0003M,BLOOMBERG,1,24-Jan-19,0.01,2.76475
US0003M,BLOOMBERG,1,25-Jan-19,0.01,2.75163
US0003M,BLOOMBERG,1,28-Jan-19,0.01,2.7505
US0003M,BLOOMBERG,1,29-Jan-19,0.01,2.74438
US0003M,BLOOMBERG,1,30-Jan-19,0.01,2.73625
US0003M,BLOOMBERG,1,31-Jan-19,0.01,2.7375
US0003M,BLOOMBERG,1,1-Feb-19,0.01,2.73263
US0003M,BLOOMBERG,1,4-Feb-19,0.01,2.73438
US0003M,BLOOMBERG,1,5-Feb-19,0.01,2.7385
US0003M,BLOOMBERG,1,6-Feb-19,0.01,2.73763
US0003M,BLOOMBERG,1,7-Feb-19,0.01,2.697
US0003M,BLOOMBERG,1,8-Feb-19,0.01,2.69775
US0003M,BLOOMBERG,1,11-Feb-19,0.01,2.688
US0003M,BLOOMBERG,1,12-Feb-19,0.01,2.69288
US0003M,BLOOMBERG,1,13-Feb-19,0.01,2.68375
US0003M,BLOOMBERG,1,14-Feb-19,0.01,2.69388
US0003M,BLOOMBERG,1,15-Feb-19,0.01,2.68288
US0003M,BLOOMBERG,1,18-Feb-19,0.01,2.64363
US0003M,BLOOMBERG,1,19-Feb-19,0.01,2.64125
US0003M,BLOOMBERG,1,20-Feb-19,0.01,2.66338
US0003M,BLOOMBERG,1,21-Feb-19,0.01,2.651
US0003M,BLOOMBERG,1,22-Feb-19,0.01,2.64625
US0003M,BLOOMBERG,1,25-Feb-19,0.01,2.63863
US0003M,BLOOMBERG,1,26-Feb-19,0.01,2.62888
US0003M,BLOOMBERG,1,27-Feb-19,0.01,2.62613
US0003M,BLOOMBERG,1,28-Feb-19,0.01,2.61513
US0003M,BLOOMBERG,1,1-Mar-19,0.01,2.5985
US0003M,BLOOMBERG,1,4-Mar-19,0.01,2.60763
US0003M,BLOOMBERG,1,5-Mar-19,0.01,2.60663
US0003M,BLOOMBERG,1,6-Mar-19,0.01,2.5945
US0003M,BLOOMBERG,1,7-Mar-19,0.01,2.60063
US0003M,BLOOMBERG,1,8-Mar-19,0.01,2.59663
US0003M,BLOOMBERG,1,11-Mar-19,0.01,2.60825
US0003M,BLOOMBERG,1,12-Mar-19,0.01,2.59325
US0003M,BLOOMBERG,1,13-Mar-19,0.01,2.61088
US0003M,BLOOMBERG,1,14-Mar-19,0.01,2.61463
US0003M,BLOOMBERG,1,15-Mar-19,0.01,2.62525
US0003M,BLOOMBERG,1,18-Mar-19,0.01,2.63263
US0003M,BLOOMBERG,1,19-Mar-19,0.01,2.61275
US0003M,BLOOMBERG,1,20-Mar-19,0.01,2.607
US0003M,BLOOMBERG,1,21-Mar-19,0.01,2.6015
US0003M,BLOOMBERG,1,22-Mar-19,0.01,2.60988
US0003M,BLOOMBERG,1,25-Mar-19,0.01,2.60875
US0003M,BLOOMBERG,1,26-Mar-19,0.01,2.59738
US0003M,BLOOMBERG,1,27-Mar-19,0.01,2.601
US0003M,BLOOMBERG,1,28-Mar-19,0.01,2.59175
US0003M,BLOOMBERG,1,29-Mar-19,0.01,2.59975
US0003M,BLOOMBERG,1,1-Apr-19,0.01,2.5955
US0003M,BLOOMBERG,1,2-Apr-19,0.01,2.60238
US0003M,BLOOMBERG,1,3-Apr-19,0.01,2.59775
US0003M,BLOOMBERG,1,4-Apr-19,0.01,2.58863
US0003M,BLOOMBERG,1,5-Apr-19,0.01,2.59213
US0003M,BLOOMBERG,1,8-Apr-19,0.01,2.584
US0003M,BLOOMBERG,1,9-Apr-19,0.01,2.58125
US0003M,BLOOMBERG,1,10-Apr-19,0.01,2.6035
US0003M,BLOOMBERG,1,11-Apr-19,0.01,2.59675
US0003M,BLOOMBERG,1,12-Apr-19,0.01,2.601
US0003M,BLOOMBERG,1,15-Apr-19,0.01,2.588
US0003M,BLOOMBERG,1,16-Apr-19,0.01,2.60088
US0003M,BLOOMBERG,1,17-Apr-19,0.01,2.5915
US0003M,BLOOMBERG,1,18-Apr-19,0.01,2.58113
US0003M,BLOOMBERG,1,23-Apr-19,0.01,2.58025
US0003M,BLOOMBERG,1,24-Apr-19,0.01,2.58638
US0003M,BLOOMBERG,1,25-Apr-19,0.01,2.58238
US0003M,BLOOMBERG,1,26-Apr-19,0.01,2.58275
US0003M,BLOOMBERG,1,29-Apr-19,0.01,2.579
US0003M,BLOOMBERG,1,30-Apr-19,0.01,2.57563
US0003M,BLOOMBERG,1,1-May-19,0.01,2.5755
US0003M,BLOOMBERG,1,2-May-19,0.01,2.56513
US0003M,BLOOMBERG,1,3-May-19,0.01,2.55988
US0003M,BLOOMBERG,1,7-May-19,0.01,2.562
US0003M,BLOOMBERG,1,8-May-19,0.01,2.54513
US0003M,BLOOMBERG,1,9-May-19,0.01,2.53525
US0003M,BLOOMBERG,1,10-May-19,0.01,2.52788
US0003M,BLOOMBERG,1,13-May-19,0.01,2.518
US0003M,BLOOMBERG,1,14-May-19,0.01,2.5245
US0003M,BLOOMBERG,1,15-May-19,0.01,2.52513
US0003M,BLOOMBERG,1,16-May-19,0.01,2.51963
US0003M,BLOOMBERG,1,17-May-19,0.01,2.52188
US0003M,BLOOMBERG,1,20-May-19,0.01,2.52338
US0003M,BLOOMBERG,1,21-May-19,0.01,2.5235
US0003M,BLOOMBERG,1,22-May-19,0.01,2.52475
US0003M,BLOOMBERG,1,23-May-19,0.01,2.52063
US0003M,BLOOMBERG,1,24-May-19,0.01,2.52488
US0003M,BLOOMBERG,1,28-May-19,0.01,2.52375
US0003M,BLOOMBERG,1,29-May-19,0.01,2.52175
US0003M,BLOOMBERG,1,30-May-19,0.01,2.52025
US0003M,BLOOMBERG,1,31-May-19,0.01,2.5025
US0003M,BLOOMBERG,1,3-Jun-19,0.01,2.4785
US0003M,BLOOMBERG,1,4-Jun-19,0.01,2.47438
US0003M,BLOOMBERG,1,5-Jun-19,0.01,2.47163
US0003M,BLOOMBERG,1,6-Jun-19,0.01,2.453
US0003M,BLOOMBERG,1,7-Jun-19,0.01,2.45063
US0003M,BLOOMBERG,1,10-Jun-19,0.01,2.43575
US0003M,BLOOMBERG,1,11-Jun-19,0.01,2.4495
US0003M,BLOOMBERG,1,12-Jun-19,0.01,2.42788
US0003M,BLOOMBERG,1,13-Jun-19,0.01,2.41025
US0003M,BLOOMBERG,1,14-Jun-19,0.01,2.402
US0003M,BLOOMBERG,1,17-Jun-19,0.01,2.4185
,,,,,
,,,,,
,,,,,
FixingName,Source,Revision,Date,ScaleFactor,Value
FEDL01,BLOOMBERG,1,2-Jan-18,0.01,1.42
FEDL01,BLOOMBERG,1,3-Jan-18,0.01,1.42
FEDL01,BLOOMBERG,1,4-Jan-18,0.01,1.42
FEDL01,BLOOMBERG,1,5-Jan-18,0.01,1.42
FEDL01,BLOOMBERG,1,8-Jan-18,0.01,1.42
FEDL01,BLOOMBERG,1,9-Jan-18,0.01,1.42
FEDL01,BLOOMBERG,1,10-Jan-18,0.01,1.42
FEDL01,BLOOMBERG,1,11-Jan-18,0.01,1.42
FEDL01,BLOOMBERG,1,12-Jan-18,0.01,1.42
FEDL01,BLOOMBERG,1,16-Jan-18,0.01,1.42
FEDL01,BLOOMBERG,1,17-Jan-18,0.01,1.42
FEDL01,BLOOMBERG,1,18-Jan-18,0.01,1.42
FEDL01,BLOOMBERG,1,19-Jan-18,0.01,1.42
FEDL01,BLOOMBERG,1,22-Jan-18,0.01,1.42
FEDL01,BLOOMBERG,1,23-Jan-18,0.01,1.42
FEDL01,BLOOMBERG,1,24-Jan-18,0.01,1.42
FEDL01,BLOOMBERG,1,25-Jan-18,0.01,1.42
FEDL01,BLOOMBERG,1,26-Jan-18,0.01,1.42
FEDL01,BLOOMBERG,1,29-Jan-18,0.01,1.42
FEDL01,BLOOMBERG,1,30-Jan-18,0.01,1.42
FEDL01,BLOOMBERG,1,31-Jan-18,0.01,1.34
FEDL01,BLOOMBERG,1,1-Feb-18,0.01,1.42
FEDL01,BLOOMBERG,1,2-Feb-18,0.01,1.42
FEDL01,BLOOMBERG,1,5-Feb-18,0.01,1.42
FEDL01,BLOOMBERG,1,6-Feb-18,0.01,1.42
FEDL01,BLOOMBERG,1,7-Feb-18,0.01,1.42
FEDL01,BLOOMBERG,1,8-Feb-18,0.01,1.42
FEDL01,BLOOMBERG,1,9-Feb-18,0.01,1.42
FEDL01,BLOOMBERG,1,12-Feb-18,0.01,1.42
FEDL01,BLOOMBERG,1,13-Feb-18,0.01,1.42
FEDL01,BLOOMBERG,1,14-Feb-18,0.01,1.42
FEDL01,BLOOMBERG,1,15-Feb-18,0.01,1.42
FEDL01,BLOOMBERG,1,16-Feb-18,0.01,1.42
FEDL01,BLOOMBERG,1,20-Feb-18,0.01,1.42
FEDL01,BLOOMBERG,1,21-Feb-18,0.01,1.42
FEDL01,BLOOMBERG,1,22-Feb-18,0.01,1.42
FEDL01,BLOOMBERG,1,23-Feb-18,0.01,1.42
FEDL01,BLOOMBERG,1,26-Feb-18,0.01,1.42
FEDL01,BLOOMBERG,1,27-Feb-18,0.01,1.42
FEDL01,BLOOMBERG,1,28-Feb-18,0.01,1.35
FEDL01,BLOOMBERG,1,1-Mar-18,0.01,1.42
FEDL01,BLOOMBERG,1,2-Mar-18,0.01,1.42
FEDL01,BLOOMBERG,1,5-Mar-18,0.01,1.42
FEDL01,BLOOMBERG,1,6-Mar-18,0.01,1.42
FEDL01,BLOOMBERG,1,7-Mar-18,0.01,1.42
FEDL01,BLOOMBERG,1,8-Mar-18,0.01,1.42
FEDL01,BLOOMBERG,1,9-Mar-18,0.01,1.42
FEDL01,BLOOMBERG,1,12-Mar-18,0.01,1.42
FEDL01,BLOOMBERG,1,13-Mar-18,0.01,1.42
FEDL01,BLOOMBERG,1,14-Mar-18,0.01,1.42
FEDL01,BLOOMBERG,1,15-Mar-18,0.01,1.43
FEDL01,BLOOMBERG,1,16-Mar-18,0.01,1.43
FEDL01,BLOOMBERG,1,19-Mar-18,0.01,1.43
FEDL01,BLOOMBERG,1,20-Mar-18,0.01,1.44
FEDL01,BLOOMBERG,1,21-Mar-18,0.01,1.44
FEDL01,BLOOMBERG,1,22-Mar-18,0.01,1.68
FEDL01,BLOOMBERG,1,23-Mar-18,0.01,1.68
FEDL01,BLOOMBERG,1,26-Mar-18,0.01,1.68
FEDL01,BLOOMBERG,1,27-Mar-18,0.01,1.68
FEDL01,BLOOMBERG,1,28-Mar-18,0.01,1.68
FEDL01,BLOOMBERG,1,29-Mar-18,0.01,1.68
FEDL01,BLOOMBERG,1,30-Mar-18,0.01,1.67
FEDL01,BLOOMBERG,1,2-Apr-18,0.01,1.68
FEDL01,BLOOMBERG,1,3-Apr-18,0.01,1.69
FEDL01,BLOOMBERG,1,4-Apr-18,0.01,1.69
FEDL01,BLOOMBERG,1,5-Apr-18,0.01,1.69
FEDL01,BLOOMBERG,1,6-Apr-18,0.01,1.69
FEDL01,BLOOMBERG,1,9-Apr-18,0.01,1.69
FEDL01,BLOOMBERG,1,10-Apr-18,0.01,1.69
FEDL01,BLOOMBERG,1,11-Apr-18,0.01,1.69
FEDL01,BLOOMBERG,1,12-Apr-18,0.01,1.69
FEDL01,BLOOMBERG,1,13-Apr-18,0.01,1.69
FEDL01,BLOOMBERG,1,16-Apr-18,0.01,1.69
FEDL01,BLOOMBERG,1,17-Apr-18,0.01,1.69
FEDL01,BLOOMBERG,1,18-Apr-18,0.01,1.69
FEDL01,BLOOMBERG,1,19-Apr-18,0.01,1.69
FEDL01,BLOOMBERG,1,20-Apr-18,0.01,1.7
FEDL01,BLOOMBERG,1,23-Apr-18,0.01,1.7
FEDL01,BLOOMBERG,1,24-Apr-18,0.01,1.7
FEDL01,BLOOMBERG,1,25-Apr-18,0.01,1.7
FEDL01,BLOOMBERG,1,26-Apr-18,0.01,1.7
FEDL01,BLOOMBERG,1,27-Apr-18,0.01,1.7
FEDL01,BLOOMBERG,1,30-Apr-18,0.01,1.69
FEDL01,BLOOMBERG,1,1-May-18,0.01,1.7
FEDL01,BLOOMBERG,1,2-May-18,0.01,1.7
FEDL01,BLOOMBERG,1,3-May-18,0.01,1.7
FEDL01,BLOOMBERG,1,4-May-18,0.01,1.7
FEDL01,BLOOMBERG,1,7-May-18,0.01,1.7
FEDL01,BLOOMBERG,1,8-May-18,0.01,1.7
FEDL01,BLOOMBERG,1,9-May-18,0.01,1.7
FEDL01,BLOOMBERG,1,10-May-18,0.01,1.7
FEDL01,BLOOMBERG,1,11-May-18,0.01,1.7
FEDL01,BLOOMBERG,1,14-May-18,0.01,1.7
FEDL01,BLOOMBERG,1,15-May-18,0.01,1.7
FEDL01,BLOOMBERG,1,16-May-18,0.01,1.7
FEDL01,BLOOMBERG,1,17-May-18,0.01,1.7
FEDL01,BLOOMBERG,1,18-May-18,0.01,1.7
FEDL01,BLOOMBERG,1,21-May-18,0.01,1.7
FEDL01,BLOOMBERG,1,22-May-18,0.01,1.7
FEDL01,BLOOMBERG,1,23-May-18,0.01,1.7
FEDL01,BLOOMBERG,1,24-May-18,0.01,1.7
FEDL01,BLOOMBERG,1,25-May-18,0.01,1.7
FEDL01,BLOOMBERG,1,29-May-18,0.01,1.7
FEDL01,BLOOMBERG,1,30-May-18,0.01,1.7
FEDL01,BLOOMBERG,1,31-May-18,0.01,1.7
FEDL01,BLOOMBERG,1,1-Jun-18,0.01,1.7
FEDL01,BLOOMBERG,1,4-Jun-18,0.01,1.7
FEDL01,BLOOMBERG,1,5-Jun-18,0.01,1.7
FEDL01,BLOOMBERG,1,6-Jun-18,0.01,1.7
FEDL01,BLOOMBERG,1,7-Jun-18,0.01,1.7
FEDL01,BLOOMBERG,1,8-Jun-18,0.01,1.7
FEDL01,BLOOMBERG,1,11-Jun-18,0.01,1.7
FEDL01,BLOOMBERG,1,12-Jun-18,0.01,1.7
FEDL01,BLOOMBERG,1,13-Jun-18,0.01,1.7
FEDL01,BLOOMBERG,1,14-Jun-18,0.01,1.9
FEDL01,BLOOMBERG,1,15-Jun-18,0.01,1.9
FEDL01,BLOOMBERG,1,18-Jun-18,0.01,1.9
FEDL01,BLOOMBERG,1,19-Jun-18,0.01,1.91
FEDL01,BLOOMBERG,1,20-Jun-18,0.01,1.92
FEDL01,BLOOMBERG,1,21-Jun-18,0.01,1.92
FEDL01,BLOOMBERG,1,22-Jun-18,0.01,1.92
FEDL01,BLOOMBERG,1,25-Jun-18,0.01,1.92
FEDL01,BLOOMBERG,1,26-Jun-18,0.01,1.92
FEDL01,BLOOMBERG,1,27-Jun-18,0.01,1.91
FEDL01,BLOOMBERG,1,28-Jun-18,0.01,1.91
FEDL01,BLOOMBERG,1,29-Jun-18,0.01,1.91
FEDL01,BLOOMBERG,1,2-Jul-18,0.01,1.91
FEDL01,BLOOMBERG,1,3-Jul-18,0.01,1.91
FEDL01,BLOOMBERG,1,5-Jul-18,0.01,1.91
FEDL01,BLOOMBERG,1,6-Jul-18,0.01,1.91
FEDL01,BLOOMBERG,1,9-Jul-18,0.01,1.91
FEDL01,BLOOMBERG,1,10-Jul-18,0.01,1.91
FEDL01,BLOOMBERG,1,11-Jul-18,0.01,1.91
FEDL01,BLOOMBERG,1,12-Jul-18,0.01,1.91
FEDL01,BLOOMBERG,1,13-Jul-18,0.01,1.91
FEDL01,BLOOMBERG,1,16-Jul-18,0.01,1.91
FEDL01,BLOOMBERG,1,17-Jul-18,0.01,1.91
FEDL01,BLOOMBERG,1,18-Jul-18,0.01,1.91
FEDL01,BLOOMBERG,1,19-Jul-18,0.01,1.91
FEDL01,BLOOMBERG,1,20-Jul-18,0.01,1.91
FEDL01,BLOOMBERG,1,23-Jul-18,0.01,1.91
FEDL01,BLOOMBERG,1,24-Jul-18,0.01,1.91
FEDL01,BLOOMBERG,1,25-Jul-18,0.01,1.91
FEDL01,BLOOMBERG,1,26-Jul-18,0.01,1.91
FEDL01,BLOOMBERG,1,27-Jul-18,0.01,1.91
FEDL01,BLOOMBERG,1,30-Jul-18,0.01,1.91
FEDL01,BLOOMBERG,1,31-Jul-18,0.01,1.91
FEDL01,BLOOMBERG,1,1-Aug-18,0.01,1.91
FEDL01,BLOOMBERG,1,2-Aug-18,0.01,1.91
FEDL01,BLOOMBERG,1,3-Aug-18,0.01,1.91
FEDL01,BLOOMBERG,1,6-Aug-18,0.01,1.91
FEDL01,BLOOMBERG,1,7-Aug-18,0.01,1.91
FEDL01,BLOOMBERG,1,8-Aug-18,0.01,1.91
FEDL01,BLOOMBERG,1,9-Aug-18,0.01,1.91
FEDL01,BLOOMBERG,1,10-Aug-18,0.01,1.91
FEDL01,BLOOMBERG,1,13-Aug-18,0.01,1.91
FEDL01,BLOOMBERG,1,14-Aug-18,0.01,1.91
FEDL01,BLOOMBERG,1,15-Aug-18,0.01,1.91
FEDL01,BLOOMBERG,1,16-Aug-18,0.01,1.92
FEDL01,BLOOMBERG,1,17-Aug-18,0.01,1.92
FEDL01,BLOOMBERG,1,20-Aug-18,0.01,1.92
FEDL01,BLOOMBERG,1,21-Aug-18,0.01,1.92
FEDL01,BLOOMBERG,1,22-Aug-18,0.01,1.92
FEDL01,BLOOMBERG,1,23-Aug-18,0.01,1.92
FEDL01,BLOOMBERG,1,24-Aug-18,0.01,1.92
FEDL01,BLOOMBERG,1,27-Aug-18,0.01,1.92
FEDL01,BLOOMBERG,1,28-Aug-18,0.01,1.92
FEDL01,BLOOMBERG,1,29-Aug-18,0.01,1.92
FEDL01,BLOOMBERG,1,30-Aug-18,0.01,1.92
FEDL01,BLOOMBERG,1,31-Aug-18,0.01,1.91
FEDL01,BLOOMBERG,1,4-Sep-18,0.01,1.92
FEDL01,BLOOMBERG,1,5-Sep-18,0.01,1.92
FEDL01,BLOOMBERG,1,6-Sep-18,0.01,1.92
FEDL01,BLOOMBERG,1,7-Sep-18,0.01,1.92
FEDL01,BLOOMBERG,1,10-Sep-18,0.01,1.92
FEDL01,BLOOMBERG,1,11-Sep-18,0.01,1.92
FEDL01,BLOOMBERG,1,12-Sep-18,0.01,1.92
FEDL01,BLOOMBERG,1,13-Sep-18,0.01,1.92
FEDL01,BLOOMBERG,1,14-Sep-18,0.01,1.92
FEDL01,BLOOMBERG,1,17-Sep-18,0.01,1.92
FEDL01,BLOOMBERG,1,18-Sep-18,0.01,1.92
FEDL01,BLOOMBERG,1,19-Sep-18,0.01,1.92
FEDL01,BLOOMBERG,1,20-Sep-18,0.01,1.92
FEDL01,BLOOMBERG,1,21-Sep-18,0.01,1.92
FEDL01,BLOOMBERG,1,24-Sep-18,0.01,1.93
FEDL01,BLOOMBERG,1,25-Sep-18,0.01,1.93
FEDL01,BLOOMBERG,1,26-Sep-18,0.01,1.93
FEDL01,BLOOMBERG,1,27-Sep-18,0.01,2.18
FEDL01,BLOOMBERG,1,28-Sep-18,0.01,2.18
FEDL01,BLOOMBERG,1,1-Oct-18,0.01,2.18
FEDL01,BLOOMBERG,1,2-Oct-18,0.01,2.18
FEDL01,BLOOMBERG,1,3-Oct-18,0.01,2.18
FEDL01,BLOOMBERG,1,4-Oct-18,0.01,2.18
FEDL01,BLOOMBERG,1,5-Oct-18,0.01,2.18
FEDL01,BLOOMBERG,1,9-Oct-18,0.01,2.18
FEDL01,BLOOMBERG,1,10-Oct-18,0.01,2.18
FEDL01,BLOOMBERG,1,11-Oct-18,0.01,2.18
FEDL01,BLOOMBERG,1,12-Oct-18,0.01,2.18
FEDL01,BLOOMBERG,1,15-Oct-18,0.01,2.18
FEDL01,BLOOMBERG,1,16-Oct-18,0.01,2.18
FEDL01,BLOOMBERG,1,17-Oct-18,0.01,2.19
FEDL01,BLOOMBERG,1,18-Oct-18,0.01,2.19
FEDL01,BLOOMBERG,1,19-Oct-18,0.01,2.19
FEDL01,BLOOMBERG,1,22-Oct-18,0.01,2.19
FEDL01,BLOOMBERG,1,23-Oct-18,0.01,2.2
FEDL01,BLOOMBERG,1,24-Oct-18,0.01,2.2
FEDL01,BLOOMBERG,1,25-Oct-18,0.01,2.2
FEDL01,BLOOMBERG,1,26-Oct-18,0.01,2.2
FEDL01,BLOOMBERG,1,29-Oct-18,0.01,2.2
FEDL01,BLOOMBERG,1,30-Oct-18,0.01,2.2
FEDL01,BLOOMBERG,1,31-Oct-18,0.01,2.2
FEDL01,BLOOMBERG,1,1-Nov-18,0.01,2.2
FEDL01,BLOOMBERG,1,2-Nov-18,0.01,2.19
FEDL01,BLOOMBERG,1,5-Nov-18,0.01,2.2
FEDL01,BLOOMBERG,1,6-Nov-18,0.01,2.2
FEDL01,BLOOMBERG,1,7-Nov-18,0.01,2.2
FEDL01,BLOOMBERG,1,8-Nov-18,0.01,2.2
FEDL01,BLOOMBERG,1,9-Nov-18,0.01,2.19
FEDL01,BLOOMBERG,1,13-Nov-18,0.01,2.2
FEDL01,BLOOMBERG,1,14-Nov-18,0.01,2.2
FEDL01,BLOOMBERG,1,15-Nov-18,0.01,2.2
FEDL01,BLOOMBERG,1,16-Nov-18,0.01,2.2
FEDL01,BLOOMBERG,1,19-Nov-18,0.01,2.2
FEDL01,BLOOMBERG,1,20-Nov-18,0.01,2.2
FEDL01,BLOOMBERG,1,21-Nov-18,0.01,2.2
FEDL01,BLOOMBERG,1,23-Nov-18,0.01,2.2
FEDL01,BLOOMBERG,1,26-Nov-18,0.01,2.2
FEDL01,BLOOMBERG,1,27-Nov-18,0.01,2.2
FEDL01,BLOOMBERG,1,28-Nov-18,0.01,2.2
FEDL01,BLOOMBERG,1,29-Nov-18,0.01,2.2
FEDL01,BLOOMBERG,1,30-Nov-18,0.01,2.2
FEDL01,BLOOMBERG,1,3-Dec-18,0.01,2.19
FEDL01,BLOOMBERG,1,4-Dec-18,0.01,2.2
FEDL01,BLOOMBERG,1,5-Dec-18,0.01,2.2
FEDL01,BLOOMBERG,1,6-Dec-18,0.01,2.2
FEDL01,BLOOMBERG,1,7-Dec-18,0.01,2.19
FEDL01,BLOOMBERG,1,10-Dec-18,0.01,2.2
FEDL01,BLOOMBERG,1,11-Dec-18,0.01,2.19
FEDL01,BLOOMBERG,1,12-Dec-18,0.01,2.19
FEDL01,BLOOMBERG,1,13-Dec-18,0.01,2.19
FEDL01,BLOOMBERG,1,14-Dec-18,0.01,2.19
FEDL01,BLOOMBERG,1,17-Dec-18,0.01,2.2
FEDL01,BLOOMBERG,1,18-Dec-18,0.01,2.2
FEDL01,BLOOMBERG,1,19-Dec-18,0.01,2.2
FEDL01,BLOOMBERG,1,20-Dec-18,0.01,2.4
FEDL01,BLOOMBERG,1,21-Dec-18,0.01,2.4
FEDL01,BLOOMBERG,1,24-Dec-18,0.01,2.4
FEDL01,BLOOMBERG,1,26-Dec-18,0.01,2.4
FEDL01,BLOOMBERG,1,27-Dec-18,0.01,2.4
FEDL01,BLOOMBERG,1,28-Dec-18,0.01,2.4
FEDL01,BLOOMBERG,1,31-Dec-18,0.01,2.4
FEDL01,BLOOMBERG,1,2-Jan-19,0.01,2.4
FEDL01,BLOOMBERG,1,3-Jan-19,0.01,2.4
FEDL01,BLOOMBERG,1,4-Jan-19,0.01,2.4
FEDL01,BLOOMBERG,1,7-Jan-19,0.01,2.4
FEDL01,BLOOMBERG,1,8-Jan-19,0.01,2.4
FEDL01,BLOOMBERG,1,9-Jan-19,0.01,2.4
FEDL01,BLOOMBERG,1,10-Jan-19,0.01,2.4
FEDL01,BLOOMBERG,1,11-Jan-19,0.01,2.4
FEDL01,BLOOMBERG,1,14-Jan-19,0.01,2.4
FEDL01,BLOOMBERG,1,15-Jan-19,0.01,2.4
FEDL01,BLOOMBERG,1,16-Jan-19,0.01,2.4
FEDL01,BLOOMBERG,1,17-Jan-19,0.01,2.4
FEDL01,BLOOMBERG,1,18-Jan-19,0.01,2.4
FEDL01,BLOOMBERG,1,22-Jan-19,0.01,2.4
FEDL01,BLOOMBERG,1,23-Jan-19,0.01,2.4
FEDL01,BLOOMBERG,1,24-Jan-19,0.01,2.4
FEDL01,BLOOMBERG,1,25-Jan-19,0.01,2.4
FEDL01,BLOOMBERG,1,28-Jan-19,0.01,2.4
FEDL01,BLOOMBERG,1,29-Jan-19,0.01,2.4
FEDL01,BLOOMBERG,1,30-Jan-19,0.01,2.4
FEDL01,BLOOMBERG,1,31-Jan-19,0.01,2.4
FEDL01,BLOOMBERG,1,1-Feb-19,0.01,2.4
FEDL01,BLOOMBERG,1,4-Feb-19,0.01,2.4
FEDL01,BLOOMBERG,1,5-Feb-19,0.01,2.4
FEDL01,BLOOMBERG,1,6-Feb-19,0.01,2.4
FEDL01,BLOOMBERG,1,7-Feb-19,0.01,2.4
FEDL01,BLOOMBERG,1,8-Feb-19,0.01,2.4
FEDL01,BLOOMBERG,1,11-Feb-19,0.01,2.4
FEDL01,BLOOMBERG,1,12-Feb-19,0.01,2.4
FEDL01,BLOOMBERG,1,13-Feb-19,0.01,2.4
FEDL01,BLOOMBERG,1,14-Feb-19,0.01,2.4
FEDL01,BLOOMBERG,1,15-Feb-19,0.01,2.4
FEDL01,BLOOMBERG,1,19-Feb-19,0.01,2.4
FEDL01,BLOOMBERG,1,20-Feb-19,0.01,2.4
FEDL01,BLOOMBERG,1,21-Feb-19,0.01,2.4
FEDL01,BLOOMBERG,1,22-Feb-19,0.01,2.4
FEDL01,BLOOMBERG,1,25-Feb-19,0.01,2.4
FEDL01,BLOOMBERG,1,26-Feb-19,0.01,2.4
FEDL01,BLOOMBERG,1,27-Feb-19,0.01,2.4
FEDL01,BLOOMBERG,1,28-Feb-19,0.01,2.4
FEDL01,BLOOMBERG,1,1-Mar-19,0.01,2.4
FEDL01,BLOOMBERG,1,4-Mar-19,0.01,2.4
FEDL01,BLOOMBERG,1,5-Mar-19,0.01,2.4
FEDL01,BLOOMBERG,1,6-Mar-19,0.01,2.4
FEDL01,BLOOMBERG,1,7-Mar-19,0.01,2.4
FEDL01,BLOOMBERG,1,8-Mar-19,0.01,2.4
FEDL01,BLOOMBERG,1,11-Mar-19,0.01,2.4
FEDL01,BLOOMBERG,1,12-Mar-19,0.01,2.4
FEDL01,BLOOMBERG,1,13-Mar-19,0.01,2.4
FEDL01,BLOOMBERG,1,14-Mar-19,0.01,2.4
FEDL01,BLOOMBERG,1,15-Mar-19,0.01,2.4
FEDL01,BLOOMBERG,1,18-Mar-19,0.01,2.4
FEDL01,BLOOMBERG,1,19-Mar-19,0.01,2.4
FEDL01,BLOOMBERG,1,20-Mar-19,0.01,2.41
FEDL01,BLOOMBERG,1,21-Mar-19,0.01,2.41
FEDL01,BLOOMBERG,1,22-Mar-19,0.01,2.41
FEDL01,BLOOMBERG,1,25-Mar-19,0.01,2.4
FEDL01,BLOOMBERG,1,26-Mar-19,0.01,2.4
FEDL01,BLOOMBERG,1,27-Mar-19,0.01,2.41
FEDL01,BLOOMBERG,1,28-Mar-19,0.01,2.41
FEDL01,BLOOMBERG,1,29-Mar-19,0.01,2.43
FEDL01,BLOOMBERG,1,1-Apr-19,0.01,2.41
FEDL01,BLOOMBERG,1,2-Apr-19,0.01,2.41
FEDL01,BLOOMBERG,1,3-Apr-19,0.01,2.41
FEDL01,BLOOMBERG,1,4-Apr-19,0.01,2.41
FEDL01,BLOOMBERG,1,5-Apr-19,0.01,2.41
FEDL01,BLOOMBERG,1,8-Apr-19,0.01,2.41
FEDL01,BLOOMBERG,1,9-Apr-19,0.01,2.41
FEDL01,BLOOMBERG,1,10-Apr-19,0.01,2.41
FEDL01,BLOOMBERG,1,11-Apr-19,0.01,2.41
FEDL01,BLOOMBERG,1,12-Apr-19,0.01,2.41
FEDL01,BLOOMBERG,1,15-Apr-19,0.01,2.41
FEDL01,BLOOMBERG,1,16-Apr-19,0.01,2.41
FEDL01,BLOOMBERG,1,17-Apr-19,0.01,2.42
FEDL01,BLOOMBERG,1,18-Apr-19,0.01,2.43
FEDL01,BLOOMBERG,1,19-Apr-19,0.01,2.44
FEDL01,BLOOMBERG,1,22-Apr-19,0.01,2.44
FEDL01,BLOOMBERG,1,23-Apr-19,0.01,2.44
FEDL01,BLOOMBERG,1,24-Apr-19,0.01,2.44
FEDL01,BLOOMBERG,1,25-Apr-19,0.01,2.44
FEDL01,BLOOMBERG,1,26-Apr-19,0.01,2.44
FEDL01,BLOOMBERG,1,29-Apr-19,0.01,2.45
FEDL01,BLOOMBERG,1,30-Apr-19,0.01,2.45
FEDL01,BLOOMBERG,1,1-May-19,0.01,2.45
FEDL01,BLOOMBERG,1,2-May-19,0.01,2.41
FEDL01,BLOOMBERG,1,3-May-19,0.01,2.4
FEDL01,BLOOMBERG,1,6-May-19,0.01,2.4
FEDL01,BLOOMBERG,1,7-May-19,0.01,2.4
FEDL01,BLOOMBERG,1,8-May-19,0.01,2.39
FEDL01,BLOOMBERG,1,9-May-19,0.01,2.38
FEDL01,BLOOMBERG,1,10-May-19,0.01,2.38
FEDL01,BLOOMBERG,1,13-May-19,0.01,2.38
FEDL01,BLOOMBERG,1,14-May-19,0.01,2.38
FEDL01,BLOOMBERG,1,15-May-19,0.01,2.4
FEDL01,BLOOMBERG,1,16-May-19,0.01,2.39
FEDL01,BLOOMBERG,1,17-May-19,0.01,2.39
FEDL01,BLOOMBERG,1,20-May-19,0.01,2.39
FEDL01,BLOOMBERG,1,21-May-19,0.01,2.39
FEDL01,BLOOMBERG,1,22-May-19,0.01,2.38
FEDL01,BLOOMBERG,1,23-May-19,0.01,2.38
FEDL01,BLOOMBERG,1,24-May-19,0.01,2.38
FEDL01,BLOOMBERG,1,28-May-19,0.01,2.39
FEDL01,BLOOMBERG,1,29-May-19,0.01,2.39
FEDL01,BLOOMBERG,1,30-May-19,0.01,2.39
FEDL01,BLOOMBERG,1,31-May-19,0.01,2.4
FEDL01,BLOOMBERG,1,3-Jun-19,0.01,2.38
FEDL01,BLOOMBERG,1,4-Jun-19,0.01,2.38
FEDL01,BLOOMBERG,1,5-Jun-19,0.01,2.38
FEDL01,BLOOMBERG,1,6-Jun-19,0.01,2.37
FEDL01,BLOOMBERG,1,7-Jun-19,0.01,2.37
FEDL01,BLOOMBERG,1,10-Jun-19,0.01,2.37
FEDL01,BLOOMBERG,1,11-Jun-19,0.01,2.37
FEDL01,BLOOMBERG,1,12-Jun-19,0.01,2.37
FEDL01,BLOOMBERG,1,13-Jun-19,0.01,2.37
FEDL01,BLOOMBERG,1,14-Jun-19,0.01,2.36
FEDL01,BLOOMBERG,1,17-Jun-19,0.01,2.38
,,,,,
,,,,,
FixingName,Source,Revision,Date,ScaleFactor,Value
JY0006M,BLOOMBERG,1,2-Jan-18,0.01,0.024
JY0006M,BLOOMBERG,1,3-Jan-18,0.01,0.02633
JY0006M,BLOOMBERG,1,4-Jan-18,0.01,0.0255
JY0006M,BLOOMBERG,1,5-Jan-18,0.01,0.02133
JY0006M,BLOOMBERG,1,8-Jan-18,0.01,0.02567
JY0006M,BLOOMBERG,1,9-Jan-18,0.01,0.02933
JY0006M,BLOOMBERG,1,10-Jan-18,0.01,0.03017
JY0006M,BLOOMBERG,1,11-Jan-18,0.01,0.02583
JY0006M,BLOOMBERG,1,12-Jan-18,0.01,0.01967
JY0006M,BLOOMBERG,1,15-Jan-18,0.01,0.01883
JY0006M,BLOOMBERG,1,16-Jan-18,0.01,0.01633
JY0006M,BLOOMBERG,1,17-Jan-18,0.01,0.01433
JY0006M,BLOOMBERG,1,18-Jan-18,0.01,0.01767
JY0006M,BLOOMBERG,1,19-Jan-18,0.01,0.02117
JY0006M,BLOOMBERG,1,22-Jan-18,0.01,0.01867
JY0006M,BLOOMBERG,1,23-Jan-18,0.01,0.0245
JY0006M,BLOOMBERG,1,24-Jan-18,0.01,0.017
JY0006M,BLOOMBERG,1,25-Jan-18,0.01,0.022
JY0006M,BLOOMBERG,1,26-Jan-18,0.01,0.01867
JY0006M,BLOOMBERG,1,29-Jan-18,0.01,0.01367
JY0006M,BLOOMBERG,1,30-Jan-18,0.01,0.01533
JY0006M,BLOOMBERG,1,31-Jan-18,0.01,0.01517
JY0006M,BLOOMBERG,1,1-Feb-18,0.01,0.01233
JY0006M,BLOOMBERG,1,2-Feb-18,0.01,0.00667
JY0006M,BLOOMBERG,1,5-Feb-18,0.01,0.00333
JY0006M,BLOOMBERG,1,6-Feb-18,0.01,0.00417
JY0006M,BLOOMBERG,1,7-Feb-18,0.01,0.00317
JY0006M,BLOOMBERG,1,8-Feb-18,0.01,0.00733
JY0006M,BLOOMBERG,1,9-Feb-18,0.01,0.00067
JY0006M,BLOOMBERG,1,12-Feb-18,0.01,0.00067
JY0006M,BLOOMBERG,1,13-Feb-18,0.01,-0.00467
JY0006M,BLOOMBERG,1,14-Feb-18,0.01,-0.003
JY0006M,BLOOMBERG,1,15-Feb-18,0.01,-0.004
JY0006M,BLOOMBERG,1,16-Feb-18,0.01,-0.00333
JY0006M,BLOOMBERG,1,19-Feb-18,0.01,0.00167
JY0006M,BLOOMBERG,1,20-Feb-18,0.01,-0.00083
JY0006M,BLOOMBERG,1,21-Feb-18,0.01,-0.00483
JY0006M,BLOOMBERG,1,22-Feb-18,0.01,-0.00483
JY0006M,BLOOMBERG,1,23-Feb-18,0.01,-0.00717
JY0006M,BLOOMBERG,1,26-Feb-18,0.01,0.00283
JY0006M,BLOOMBERG,1,27-Feb-18,0.01,0.00367
JY0006M,BLOOMBERG,1,28-Feb-18,0.01,0.007
JY0006M,BLOOMBERG,1,1-Mar-18,0.01,0.0095
JY0006M,BLOOMBERG,1,2-Mar-18,0.01,0.01
JY0006M,BLOOMBERG,1,5-Mar-18,0.01,0.01317
JY0006M,BLOOMBERG,1,6-Mar-18,0.01,0.0115
JY0006M,BLOOMBERG,1,7-Mar-18,0.01,0.0115
JY0006M,BLOOMBERG,1,8-Mar-18,0.01,0.017
JY0006M,BLOOMBERG,1,9-Mar-18,0.01,0.01617
JY0006M,BLOOMBERG,1,12-Mar-18,0.01,0.01617
JY0006M,BLOOMBERG,1,13-Mar-18,0.01,0.01367
JY0006M,BLOOMBERG,1,14-Mar-18,0.01,0.01794
JY0006M,BLOOMBERG,1,15-Mar-18,0.01,0.0105
JY0006M,BLOOMBERG,1,16-Mar-18,0.01,0.01797
JY0006M,BLOOMBERG,1,19-Mar-18,0.01,0.01466
JY0006M,BLOOMBERG,1,20-Mar-18,0.01,0.013
JY0006M,BLOOMBERG,1,21-Mar-18,0.01,0.013
JY0006M,BLOOMBERG,1,22-Mar-18,0.01,0.013
JY0006M,BLOOMBERG,1,23-Mar-18,0.01,0.01297
JY0006M,BLOOMBERG,1,26-Mar-18,0.01,0.01133
JY0006M,BLOOMBERG,1,27-Mar-18,0.01,0.01383
JY0006M,BLOOMBERG,1,28-Mar-18,0.01,0.013
JY0006M,BLOOMBERG,1,29-Mar-18,0.01,0.02317
JY0006M,BLOOMBERG,1,3-Apr-18,0.01,0.01977
JY0006M,BLOOMBERG,1,4-Apr-18,0.01,0.01808
JY0006M,BLOOMBERG,1,5-Apr-18,0.01,0.0214
JY0006M,BLOOMBERG,1,6-Apr-18,0.01,0.01967
JY0006M,BLOOMBERG,1,9-Apr-18,0.01,0.01606
JY0006M,BLOOMBERG,1,10-Apr-18,0.01,0.01917
JY0006M,BLOOMBERG,1,11-Apr-18,0.01,0.02001
JY0006M,BLOOMBERG,1,12-Apr-18,0.01,0.02085
JY0006M,BLOOMBERG,1,13-Apr-18,0.01,0.01763
JY0006M,BLOOMBERG,1,16-Apr-18,0.01,0.01558
JY0006M,BLOOMBERG,1,17-Apr-18,0.01,0.01808
JY0006M,BLOOMBERG,1,18-Apr-18,0.01,0.02227
JY0006M,BLOOMBERG,1,19-Apr-18,0.01,0.02408
JY0006M,BLOOMBERG,1,20-Apr-18,0.01,0.0225
JY0006M,BLOOMBERG,1,23-Apr-18,0.01,0.02084
JY0006M,BLOOMBERG,1,24-Apr-18,0.01,0.02408
JY0006M,BLOOMBERG,1,25-Apr-18,0.01,0.02286
JY0006M,BLOOMBERG,1,26-Apr-18,0.01,0.02292
JY0006M,BLOOMBERG,1,27-Apr-18,0.01,0.0228
JY0006M,BLOOMBERG,1,30-Apr-18,0.01,0.0227
JY0006M,BLOOMBERG,1,1-May-18,0.01,0.02277
JY0006M,BLOOMBERG,1,2-May-18,0.01,0.02778
JY0006M,BLOOMBERG,1,3-May-18,0.01,0.02767
JY0006M,BLOOMBERG,1,4-May-18,0.01,0.02683
JY0006M,BLOOMBERG,1,8-May-18,0.01,0.02605
JY0006M,BLOOMBERG,1,9-May-18,0.01,0.02354
JY0006M,BLOOMBERG,1,10-May-18,0.01,0.02106
JY0006M,BLOOMBERG,1,11-May-18,0.01,0.02173
JY0006M,BLOOMBERG,1,14-May-18,0.01,0.0206
JY0006M,BLOOMBERG,1,15-May-18,0.01,0.02383
JY0006M,BLOOMBERG,1,16-May-18,0.01,0.02579
JY0006M,BLOOMBERG,1,17-May-18,0.01,0.0251
JY0006M,BLOOMBERG,1,18-May-18,0.01,0.0233
JY0006M,BLOOMBERG,1,21-May-18,0.01,0.02329
JY0006M,BLOOMBERG,1,22-May-18,0.01,0.02225
JY0006M,BLOOMBERG,1,23-May-18,0.01,0.01952
JY0006M,BLOOMBERG,1,24-May-18,0.01,0.02375
JY0006M,BLOOMBERG,1,25-May-18,0.01,0.02292
JY0006M,BLOOMBERG,1,29-May-18,0.01,0.02542
JY0006M,BLOOMBERG,1,30-May-18,0.01,0.0255
JY0006M,BLOOMBERG,1,31-May-18,0.01,0.02292
JY0006M,BLOOMBERG,1,1-Jun-18,0.01,0.02268
JY0006M,BLOOMBERG,1,4-Jun-18,0.01,0.02435
JY0006M,BLOOMBERG,1,5-Jun-18,0.01,0.02685
JY0006M,BLOOMBERG,1,6-Jun-18,0.01,0.02268
JY0006M,BLOOMBERG,1,7-Jun-18,0.01,0.02268
JY0006M,BLOOMBERG,1,8-Jun-18,0.01,0.01795
JY0006M,BLOOMBERG,1,11-Jun-18,0.01,0.01967
JY0006M,BLOOMBERG,1,12-Jun-18,0.01,0.01733
JY0006M,BLOOMBERG,1,13-Jun-18,0.01,0.0165
JY0006M,BLOOMBERG,1,14-Jun-18,0.01,0.0145
JY0006M,BLOOMBERG,1,15-Jun-18,0.01,0.01583
JY0006M,BLOOMBERG,1,18-Jun-18,0.01,0.01417
JY0006M,BLOOMBERG,1,19-Jun-18,0.01,0.01567
JY0006M,BLOOMBERG,1,20-Jun-18,0.01,0.014
JY0006M,BLOOMBERG,1,21-Jun-18,0.01,0.0165
JY0006M,BLOOMBERG,1,22-Jun-18,0.01,0.00533
JY0006M,BLOOMBERG,1,25-Jun-18,0.01,0.01533
JY0006M,BLOOMBERG,1,26-Jun-18,0.01,0.019
JY0006M,BLOOMBERG,1,27-Jun-18,0.01,0.02067
JY0006M,BLOOMBERG,1,28-Jun-18,0.01,0.009
JY0006M,BLOOMBERG,1,29-Jun-18,0.01,0.0055
JY0006M,BLOOMBERG,1,2-Jul-18,0.01,0.00367
JY0006M,BLOOMBERG,1,3-Jul-18,0.01,0.005
JY0006M,BLOOMBERG,1,4-Jul-18,0.01,0.01083
JY0006M,BLOOMBERG,1,5-Jul-18,0.01,0.01083
JY0006M,BLOOMBERG,1,6-Jul-18,0.01,0.01117
JY0006M,BLOOMBERG,1,9-Jul-18,0.01,0.006
JY0006M,BLOOMBERG,1,10-Jul-18,0.01,0.01217
JY0006M,BLOOMBERG,1,11-Jul-18,0.01,0.01383
JY0006M,BLOOMBERG,1,12-Jul-18,0.01,0.0155
JY0006M,BLOOMBERG,1,13-Jul-18,0.01,0.01483
JY0006M,BLOOMBERG,1,16-Jul-18,0.01,0.01567
JY0006M,BLOOMBERG,1,17-Jul-18,0.01,0.01917
JY0006M,BLOOMBERG,1,18-Jul-18,0.01,0.0165
JY0006M,BLOOMBERG,1,19-Jul-18,0.01,0.01717
JY0006M,BLOOMBERG,1,20-Jul-18,0.01,0.0165
JY0006M,BLOOMBERG,1,23-Jul-18,0.01,0.01683
JY0006M,BLOOMBERG,1,24-Jul-18,0.01,0.01867
JY0006M,BLOOMBERG,1,25-Jul-18,0.01,0.01867
JY0006M,BLOOMBERG,1,26-Jul-18,0.01,0.01617
JY0006M,BLOOMBERG,1,27-Jul-18,0.01,0.01367
JY0006M,BLOOMBERG,1,30-Jul-18,0.01,0.01
JY0006M,BLOOMBERG,1,31-Jul-18,0.01,0.0145
JY0006M,BLOOMBERG,1,1-Aug-18,0.01,0.01483
JY0006M,BLOOMBERG,1,2-Aug-18,0.01,0.015
JY0006M,BLOOMBERG,1,3-Aug-18,0.01,0.01517
JY0006M,BLOOMBERG,1,6-Aug-18,0.01,0.013
JY0006M,BLOOMBERG,1,7-Aug-18,0.01,0.01083
JY0006M,BLOOMBERG,1,8-Aug-18,0.01,0.01383
JY0006M,BLOOMBERG,1,9-Aug-18,0.01,0.01783
JY0006M,BLOOMBERG,1,10-Aug-18,0.01,0.02317
JY0006M,BLOOMBERG,1,13-Aug-18,0.01,0.023
JY0006M,BLOOMBERG,1,14-Aug-18,0.01,0.02933
JY0006M,BLOOMBERG,1,15-Aug-18,0.01,0.03083
JY0006M,BLOOMBERG,1,16-Aug-18,0.01,0.03017
JY0006M,BLOOMBERG,1,17-Aug-18,0.01,0.02867
JY0006M,BLOOMBERG,1,20-Aug-18,0.01,0.02717
JY0006M,BLOOMBERG,1,21-Aug-18,0.01,0.02867
JY0006M,BLOOMBERG,1,22-Aug-18,0.01,0.027
JY0006M,BLOOMBERG,1,23-Aug-18,0.01,0.0295
JY0006M,BLOOMBERG,1,24-Aug-18,0.01,0.02883
JY0006M,BLOOMBERG,1,28-Aug-18,0.01,0.02483
JY0006M,BLOOMBERG,1,29-Aug-18,0.01,0.0265
JY0006M,BLOOMBERG,1,30-Aug-18,0.01,0.02667
JY0006M,BLOOMBERG,1,31-Aug-18,0.01,0.02667
JY0006M,BLOOMBERG,1,3-Sep-18,0.01,0.02683
JY0006M,BLOOMBERG,1,4-Sep-18,0.01,0.02517
JY0006M,BLOOMBERG,1,5-Sep-18,0.01,0.025
JY0006M,BLOOMBERG,1,6-Sep-18,0.01,0.02567
JY0006M,BLOOMBERG,1,7-Sep-18,0.01,0.02317
JY0006M,BLOOMBERG,1,10-Sep-18,0.01,0.02433
JY0006M,BLOOMBERG,1,11-Sep-18,0.01,0.02433
JY0006M,BLOOMBERG,1,12-Sep-18,0.01,0.02283
JY0006M,BLOOMBERG,1,13-Sep-18,0.01,0.02267
JY0006M,BLOOMBERG,1,14-Sep-18,0.01,0.02233
JY0006M,BLOOMBERG,1,17-Sep-18,0.01,0.024
JY0006M,BLOOMBERG,1,18-Sep-18,0.01,0.02233
JY0006M,BLOOMBERG,1,19-Sep-18,0.01,0.024
JY0006M,BLOOMBERG,1,20-Sep-18,0.01,0.02233
JY0006M,BLOOMBERG,1,21-Sep-18,0.01,0.01883
JY0006M,BLOOMBERG,1,24-Sep-18,0.01,0.02217
JY0006M,BLOOMBERG,1,25-Sep-18,0.01,0.01867
JY0006M,BLOOMBERG,1,26-Sep-18,0.01,0.0165
JY0006M,BLOOMBERG,1,27-Sep-18,0.01,0.0165
JY0006M,BLOOMBERG,1,28-Sep-18,0.01,0.02
JY0006M,BLOOMBERG,1,1-Oct-18,0.01,0.02167
JY0006M,BLOOMBERG,1,2-Oct-18,0.01,0.01867
JY0006M,BLOOMBERG,1,3-Oct-18,0.01,0.015
JY0006M,BLOOMBERG,1,4-Oct-18,0.01,0.01683
JY0006M,BLOOMBERG,1,5-Oct-18,0.01,0.01533
JY0006M,BLOOMBERG,1,8-Oct-18,0.01,0.013
JY0006M,BLOOMBERG,1,9-Oct-18,0.01,0.01083
JY0006M,BLOOMBERG,1,10-Oct-18,0.01,0.00933
JY0006M,BLOOMBERG,1,11-Oct-18,0.01,0.00783
JY0006M,BLOOMBERG,1,12-Oct-18,0.01,0.006
JY0006M,BLOOMBERG,1,15-Oct-18,0.01,0.00983
JY0006M,BLOOMBERG,1,16-Oct-18,0.01,0.01417
JY0006M,BLOOMBERG,1,17-Oct-18,0.01,0.013
JY0006M,BLOOMBERG,1,18-Oct-18,0.01,0.01117
JY0006M,BLOOMBERG,1,19-Oct-18,0.01,0.01233
JY0006M,BLOOMBERG,1,22-Oct-18,0.01,0.01367
JY0006M,BLOOMBERG,1,23-Oct-18,0.01,0.01383
JY0006M,BLOOMBERG,1,24-Oct-18,0.01,0.01633
JY0006M,BLOOMBERG,1,25-Oct-18,0.01,0.01467
JY0006M,BLOOMBERG,1,26-Oct-18,0.01,0.01617
JY0006M,BLOOMBERG,1,29-Oct-18,0.01,0.0155
JY0006M,BLOOMBERG,1,30-Oct-18,0.01,0.0155
JY0006M,BLOOMBERG,1,31-Oct-18,0.01,0.01517
JY0006M,BLOOMBERG,1,1-Nov-18,0.01,0.01517
JY0006M,BLOOMBERG,1,2-Nov-18,0.01,0.0095
JY0006M,BLOOMBERG,1,5-Nov-18,0.01,0.01367
JY0006M,BLOOMBERG,1,6-Nov-18,0.01,0.011
JY0006M,BLOOMBERG,1,7-Nov-18,0.01,0.00883
JY0006M,BLOOMBERG,1,8-Nov-18,0.01,0.00683
JY0006M,BLOOMBERG,1,9-Nov-18,0.01,0.009
JY0006M,BLOOMBERG,1,12-Nov-18,0.01,0.01233
JY0006M,BLOOMBERG,1,13-Nov-18,0.01,0.0125
JY0006M,BLOOMBERG,1,14-Nov-18,0.01,0.00783
JY0006M,BLOOMBERG,1,15-Nov-18,0.01,0.006
JY0006M,BLOOMBERG,1,16-Nov-18,0.01,0.00683
JY0006M,BLOOMBERG,1,19-Nov-18,0.01,0.00733
JY0006M,BLOOMBERG,1,20-Nov-18,0.01,0.00517
JY0006M,BLOOMBERG,1,21-Nov-18,0.01,0.00217
JY0006M,BLOOMBERG,1,22-Nov-18,0.01,0.00617
JY0006M,BLOOMBERG,1,23-Nov-18,0.01,0.0075
JY0006M,BLOOMBERG,1,26-Nov-18,0.01,0.00533
JY0006M,BLOOMBERG,1,27-Nov-18,0.01,0.0035
JY0006M,BLOOMBERG,1,28-Nov-18,0.01,-0.0025
JY0006M,BLOOMBERG,1,29-Nov-18,0.01,-0.00267
JY0006M,BLOOMBERG,1,30-Nov-18,0.01,-0.00433
JY0006M,BLOOMBERG,1,3-Dec-18,0.01,-0.00283
JY0006M,BLOOMBERG,1,4-Dec-18,0.01,-0.00717
JY0006M,BLOOMBERG,1,5-Dec-18,0.01,-0.01083
JY0006M,BLOOMBERG,1,6-Dec-18,0.01,-0.01383
JY0006M,BLOOMBERG,1,7-Dec-18,0.01,-0.01117
JY0006M,BLOOMBERG,1,10-Dec-18,0.01,-0.00567
JY0006M,BLOOMBERG,1,11-Dec-18,0.01,-0.008
JY0006M,BLOOMBERG,1,12-Dec-18,0.01,-0.00933
JY0006M,BLOOMBERG,1,13-Dec-18,0.01,-0.00683
JY0006M,BLOOMBERG,1,14-Dec-18,0.01,-0.00033
JY0006M,BLOOMBERG,1,17-Dec-18,0.01,-0.0045
JY0006M,BLOOMBERG,1,18-Dec-18,0.01,-0.002
JY0006M,BLOOMBERG,1,19-Dec-18,0.01,-0.0005
JY0006M,BLOOMBERG,1,20-Dec-18,0.01,0.00683
JY0006M,BLOOMBERG,1,21-Dec-18,0.01,0.01117
JY0006M,BLOOMBERG,1,24-Dec-18,0.01,0.00683
JY0006M,BLOOMBERG,1,27-Dec-18,0.01,0.01167
JY0006M,BLOOMBERG,1,28-Dec-18,0.01,0.00617
JY0006M,BLOOMBERG,1,31-Dec-18,0.01,0.00983
JY0006M,BLOOMBERG,1,2-Jan-19,0.01,0.0065
JY0006M,BLOOMBERG,1,3-Jan-19,0.01,0.00933
JY0006M,BLOOMBERG,1,4-Jan-19,0.01,0.00733
JY0006M,BLOOMBERG,1,7-Jan-19,0.01,0.0055
JY0006M,BLOOMBERG,1,8-Jan-19,0.01,0.00617
JY0006M,BLOOMBERG,1,9-Jan-19,0.01,0.00533
JY0006M,BLOOMBERG,1,10-Jan-19,0.01,0.01167
JY0006M,BLOOMBERG,1,11-Jan-19,0.01,0.01033
JY0006M,BLOOMBERG,1,14-Jan-19,0.01,0.012
JY0006M,BLOOMBERG,1,15-Jan-19,0.01,0.00733
JY0006M,BLOOMBERG,1,16-Jan-19,0.01,0.0025
JY0006M,BLOOMBERG,1,17-Jan-19,0.01,-0.003
JY0006M,BLOOMBERG,1,18-Jan-19,0.01,-0.00733
JY0006M,BLOOMBERG,1,21-Jan-19,0.01,-0.00317
JY0006M,BLOOMBERG,1,22-Jan-19,0.01,-0.004
JY0006M,BLOOMBERG,1,23-Jan-19,0.01,-0.005
JY0006M,BLOOMBERG,1,24-Jan-19,0.01,-0.0055
JY0006M,BLOOMBERG,1,25-Jan-19,0.01,-0.00517
JY0006M,BLOOMBERG,1,28-Jan-19,0.01,-0.001
JY0006M,BLOOMBERG,1,29-Jan-19,0.01,-0.00017
JY0006M,BLOOMBERG,1,30-Jan-19,0.01,-0.003
JY0006M,BLOOMBERG,1,31-Jan-19,0.01,-0.00217
JY0006M,BLOOMBERG,1,1-Feb-19,0.01,-0.00217
JY0006M,BLOOMBERG,1,4-Feb-19,0.01,0.00233
JY0006M,BLOOMBERG,1,5-Feb-19,0.01,0.00117
JY0006M,BLOOMBERG,1,6-Feb-19,0.01,0.00017
JY0006M,BLOOMBERG,1,7-Feb-19,0.01,-0.00233
JY0006M,BLOOMBERG,1,8-Feb-19,0.01,-0.00167
JY0006M,BLOOMBERG,1,11-Feb-19,0.01,0.0005
JY0006M,BLOOMBERG,1,12-Feb-19,0.01,0.00467
JY0006M,BLOOMBERG,1,13-Feb-19,0.01,0.00583
JY0006M,BLOOMBERG,1,14-Feb-19,0.01,0.00317
JY0006M,BLOOMBERG,1,15-Feb-19,0.01,-0.0005
JY0006M,BLOOMBERG,1,18-Feb-19,0.01,0.0035
JY0006M,BLOOMBERG,1,19-Feb-19,0.01,0.00317
JY0006M,BLOOMBERG,1,20-Feb-19,0.01,0.001
JY0006M,BLOOMBERG,1,21-Feb-19,0.01,0.0035
JY0006M,BLOOMBERG,1,22-Feb-19,0.01,0.005
JY0006M,BLOOMBERG,1,25-Feb-19,0.01,0.00433
JY0006M,BLOOMBERG,1,26-Feb-19,0.01,0.00583
JY0006M,BLOOMBERG,1,27-Feb-19,0.01,0.004
JY0006M,BLOOMBERG,1,28-Feb-19,0.01,0.00617
JY0006M,BLOOMBERG,1,1-Mar-19,0.01,0.00867
JY0006M,BLOOMBERG,1,4-Mar-19,0.01,0.00983
JY0006M,BLOOMBERG,1,5-Mar-19,0.01,0.00967
JY0006M,BLOOMBERG,1,6-Mar-19,0.01,0.0045
JY0006M,BLOOMBERG,1,7-Mar-19,0.01,0.00383
JY0006M,BLOOMBERG,1,8-Mar-19,0.01,0.0055
JY0006M,BLOOMBERG,1,11-Mar-19,0.01,0.006
JY0006M,BLOOMBERG,1,12-Mar-19,0.01,0.00283
JY0006M,BLOOMBERG,1,13-Mar-19,0.01,0.00367
JY0006M,BLOOMBERG,1,14-Mar-19,0.01,0.00267
JY0006M,BLOOMBERG,1,15-Mar-19,0.01,0.0005
JY0006M,BLOOMBERG,1,18-Mar-19,0.01,0.00533
JY0006M,BLOOMBERG,1,19-Mar-19,0.01,0.00217
JY0006M,BLOOMBERG,1,20-Mar-19,0.01,0.0085
JY0006M,BLOOMBERG,1,21-Mar-19,0.01,0.00883
JY0006M,BLOOMBERG,1,22-Mar-19,0.01,0.0105
JY0006M,BLOOMBERG,1,25-Mar-19,0.01,0.00933
JY0006M,BLOOMBERG,1,26-Mar-19,0.01,0.01217
JY0006M,BLOOMBERG,1,27-Mar-19,0.01,0.00467
JY0006M,BLOOMBERG,1,28-Mar-19,0.01,0.00717
JY0006M,BLOOMBERG,1,29-Mar-19,0.01,0.00467
JY0006M,BLOOMBERG,1,1-Apr-19,0.01,0.00317
JY0006M,BLOOMBERG,1,2-Apr-19,0.01,0.0015
JY0006M,BLOOMBERG,1,3-Apr-19,0.01,0.00217
JY0006M,BLOOMBERG,1,4-Apr-19,0.01,0.0055
JY0006M,BLOOMBERG,1,5-Apr-19,0.01,0.00633
JY0006M,BLOOMBERG,1,8-Apr-19,0.01,0.0055
JY0006M,BLOOMBERG,1,9-Apr-19,0.01,0.0075
JY0006M,BLOOMBERG,1,10-Apr-19,0.01,0.007
JY0006M,BLOOMBERG,1,11-Apr-19,0.01,0.0065
JY0006M,BLOOMBERG,1,12-Apr-19,0.01,0.00433
JY0006M,BLOOMBERG,1,15-Apr-19,0.01,0.00067
JY0006M,BLOOMBERG,1,16-Apr-19,0.01,0.00617
JY0006M,BLOOMBERG,1,17-Apr-19,0.01,0.00433
JY0006M,BLOOMBERG,1,18-Apr-19,0.01,0.00533
JY0006M,BLOOMBERG,1,23-Apr-19,0.01,0.005
JY0006M,BLOOMBERG,1,24-Apr-19,0.01,0.004
JY0006M,BLOOMBERG,1,25-Apr-19,0.01,0.00583
JY0006M,BLOOMBERG,1,26-Apr-19,0.01,0.005
JY0006M,BLOOMBERG,1,29-Apr-19,0.01,0.00483
JY0006M,BLOOMBERG,1,30-Apr-19,0.01,0.0065
JY0006M,BLOOMBERG,1,1-May-19,0.01,0.00567
JY0006M,BLOOMBERG,1,2-May-19,0.01,0.0055
JY0006M,BLOOMBERG,1,3-May-19,0.01,0.0065
JY0006M,BLOOMBERG,1,7-May-19,0.01,0.0055
JY0006M,BLOOMBERG,1,8-May-19,0.01,0.00617
JY0006M,BLOOMBERG,1,9-May-19,0.01,0.004
JY0006M,BLOOMBERG,1,10-May-19,0.01,0.00417
JY0006M,BLOOMBERG,1,13-May-19,0.01,0.00267
JY0006M,BLOOMBERG,1,14-May-19,0.01,-0.002
JY0006M,BLOOMBERG,1,15-May-19,0.01,0.00083
JY0006M,BLOOMBERG,1,16-May-19,0.01,0.00133
JY0006M,BLOOMBERG,1,17-May-19,0.01,-0.0005
JY0006M,BLOOMBERG,1,20-May-19,0.01,0.00517
JY0006M,BLOOMBERG,1,21-May-19,0.01,0.00633
JY0006M,BLOOMBERG,1,22-May-19,0.01,0.00583
JY0006M,BLOOMBERG,1,23-May-19,0.01,0.003
JY0006M,BLOOMBERG,1,24-May-19,0.01,0.00433
JY0006M,BLOOMBERG,1,28-May-19,0.01,0.00683
JY0006M,BLOOMBERG,1,29-May-19,0.01,0.006
JY0006M,BLOOMBERG,1,30-May-19,0.01,0.00517
JY0006M,BLOOMBERG,1,31-May-19,0.01,0.00317
JY0006M,BLOOMBERG,1,3-Jun-19,0.01,0.0055
JY0006M,BLOOMBERG,1,4-Jun-19,0.01,0.00583
JY0006M,BLOOMBERG,1,5-Jun-19,0.01,0.00067
JY0006M,BLOOMBERG,1,6-Jun-19,0.01,0.00133
JY0006M,BLOOMBERG,1,7-Jun-19,0.01,-0.00883
JY0006M,BLOOMBERG,1,10-Jun-19,0.01,-0.00217
JY0006M,BLOOMBERG,1,11-Jun-19,0.01,-0.0035
JY0006M,BLOOMBERG,1,12-Jun-19,0.01,-0.005
JY0006M,BLOOMBERG,1,13-Jun-19,0.01,-0.00433
JY0006M,BLOOMBERG,1,14-Jun-19,0.01,-0.00567
JY0006M,BLOOMBERG,1,17-Jun-19,0.01,-0.007
,,,,,
,,,,,
FixingName,Source,Revision,Date,ScaleFactor,Value
CNRR007,BLOOMBERG,1,2-Jan-18,0.01,2.88
CNRR007,BLOOMBERG,1,3-Jan-18,0.01,2.9
CNRR007,BLOOMBERG,1,4-Jan-18,0.01,2.8
CNRR007,BLOOMBERG,1,5-Jan-18,0.01,2.73
CNRR007,BLOOMBERG,1,8-Jan-18,0.01,2.75
CNRR007,BLOOMBERG,1,9-Jan-18,0.01,2.85
CNRR007,BLOOMBERG,1,10-Jan-18,0.01,3
CNRR007,BLOOMBERG,1,11-Jan-18,0.01,3.49
CNRR007,BLOOMBERG,1,12-Jan-18,0.01,3.45
CNRR007,BLOOMBERG,1,15-Jan-18,0.01,3
CNRR007,BLOOMBERG,1,16-Jan-18,0.01,3
CNRR007,BLOOMBERG,1,17-Jan-18,0.01,3.25
CNRR007,BLOOMBERG,1,18-Jan-18,0.01,3.49
CNRR007,BLOOMBERG,1,19-Jan-18,0.01,3.4
CNRR007,BLOOMBERG,1,22-Jan-18,0.01,3.3
CNRR007,BLOOMBERG,1,23-Jan-18,0.01,3
CNRR007,BLOOMBERG,1,24-Jan-18,0.01,3
CNRR007,BLOOMBERG,1,25-Jan-18,0.01,3.05
CNRR007,BLOOMBERG,1,26-Jan-18,0.01,3.36
CNRR007,BLOOMBERG,1,29-Jan-18,0.01,3.14
CNRR007,BLOOMBERG,1,30-Jan-18,0.01,3.2
CNRR007,BLOOMBERG,1,31-Jan-18,0.01,3.2
CNRR007,BLOOMBERG,1,1-Feb-18,0.01,2.85
CNRR007,BLOOMBERG,1,2-Feb-18,0.01,2.8
CNRR007,BLOOMBERG,1,5-Feb-18,0.01,2.73
CNRR007,BLOOMBERG,1,6-Feb-18,0.01,2.75
CNRR007,BLOOMBERG,1,7-Feb-18,0.01,2.72
CNRR007,BLOOMBERG,1,8-Feb-18,0.01,2.9
CNRR007,BLOOMBERG,1,9-Feb-18,0.01,2.95
CNRR007,BLOOMBERG,1,11-Feb-18,0.01,2.75
CNRR007,BLOOMBERG,1,12-Feb-18,0.01,2.86
CNRR007,BLOOMBERG,1,13-Feb-18,0.01,2.98
CNRR007,BLOOMBERG,1,14-Feb-18,0.01,2.85
CNRR007,BLOOMBERG,1,22-Feb-18,0.01,3.06
CNRR007,BLOOMBERG,1,23-Feb-18,0.01,3
CNRR007,BLOOMBERG,1,24-Feb-18,0.01,2.85
CNRR007,BLOOMBERG,1,26-Feb-18,0.01,3.01
CNRR007,BLOOMBERG,1,27-Feb-18,0.01,3.4
CNRR007,BLOOMBERG,1,28-Feb-18,0.01,3.49
CNRR007,BLOOMBERG,1,1-Mar-18,0.01,3.2
CNRR007,BLOOMBERG,1,2-Mar-18,0.01,3.3
CNRR007,BLOOMBERG,1,5-Mar-18,0.01,3.3
CNRR007,BLOOMBERG,1,6-Mar-18,0.01,3.1
CNRR007,BLOOMBERG,1,7-Mar-18,0.01,3
CNRR007,BLOOMBERG,1,8-Mar-18,0.01,2.9
CNRR007,BLOOMBERG,1,9-Mar-18,0.01,2.9
CNRR007,BLOOMBERG,1,12-Mar-18,0.01,2.9
CNRR007,BLOOMBERG,1,13-Mar-18,0.01,3.3
CNRR007,BLOOMBERG,1,14-Mar-18,0.01,3
CNRR007,BLOOMBERG,1,15-Mar-18,0.01,3.16
CNRR007,BLOOMBERG,1,16-Mar-18,0.01,3
CNRR007,BLOOMBERG,1,19-Mar-18,0.01,3
CNRR007,BLOOMBERG,1,20-Mar-18,0.01,3.1
CNRR007,BLOOMBERG,1,21-Mar-18,0.01,3
CNRR007,BLOOMBERG,1,22-Mar-18,0.01,3
CNRR007,BLOOMBERG,1,23-Mar-18,0.01,2.9
CNRR007,BLOOMBERG,1,26-Mar-18,0.01,2.75
CNRR007,BLOOMBERG,1,27-Mar-18,0.01,2.9
CNRR007,BLOOMBERG,1,28-Mar-18,0.01,3.1
CNRR007,BLOOMBERG,1,29-Mar-18,0.01,3.2
CNRR007,BLOOMBERG,1,30-Mar-18,0.01,3.5
CNRR007,BLOOMBERG,1,2-Apr-18,0.01,2.99
CNRR007,BLOOMBERG,1,3-Apr-18,0.01,2.9
CNRR007,BLOOMBERG,1,4-Apr-18,0.01,2.8
CNRR007,BLOOMBERG,1,8-Apr-18,0.01,2.7
CNRR007,BLOOMBERG,1,9-Apr-18,0.01,2.7
CNRR007,BLOOMBERG,1,10-Apr-18,0.01,2.8
CNRR007,BLOOMBERG,1,11-Apr-18,0.01,2.8
CNRR007,BLOOMBERG,1,12-Apr-18,0.01,2.8
CNRR007,BLOOMBERG,1,13-Apr-18,0.01,2.8
CNRR007,BLOOMBERG,1,16-Apr-18,0.01,2.85
CNRR007,BLOOMBERG,1,17-Apr-18,0.01,3.3
CNRR007,BLOOMBERG,1,18-Apr-18,0.01,3.5
CNRR007,BLOOMBERG,1,19-Apr-18,0.01,3.5
CNRR007,BLOOMBERG,1,20-Apr-18,0.01,3.54
CNRR007,BLOOMBERG,1,23-Apr-18,0.01,2.87
CNRR007,BLOOMBERG,1,24-Apr-18,0.01,3.54
CNRR007,BLOOMBERG,1,25-Apr-18,0.01,3.54
CNRR007,BLOOMBERG,1,26-Apr-18,0.01,3.5
CNRR007,BLOOMBERG,1,27-Apr-18,0.01,3.54
CNRR007,BLOOMBERG,1,28-Apr-18,0.01,3
CNRR007,BLOOMBERG,1,2-May-18,0.01,3.3
CNRR007,BLOOMBERG,1,3-May-18,0.01,3.1
CNRR007,BLOOMBERG,1,4-May-18,0.01,2.8
CNRR007,BLOOMBERG,1,7-May-18,0.01,2.71
CNRR007,BLOOMBERG,1,8-May-18,0.01,2.7
CNRR007,BLOOMBERG,1,9-May-18,0.01,2.7
CNRR007,BLOOMBERG,1,10-May-18,0.01,2.7
CNRR007,BLOOMBERG,1,11-May-18,0.01,2.72
CNRR007,BLOOMBERG,1,14-May-18,0.01,2.8
CNRR007,BLOOMBERG,1,15-May-18,0.01,3
CNRR007,BLOOMBERG,1,16-May-18,0.01,3.54
CNRR007,BLOOMBERG,1,17-May-18,0.01,2.86
CNRR007,BLOOMBERG,1,18-May-18,0.01,2.72
CNRR007,BLOOMBERG,1,21-May-18,0.01,2.71
CNRR007,BLOOMBERG,1,22-May-18,0.01,2.73
CNRR007,BLOOMBERG,1,23-May-18,0.01,2.8
CNRR007,BLOOMBERG,1,24-May-18,0.01,2.75
CNRR007,BLOOMBERG,1,25-May-18,0.01,3
CNRR007,BLOOMBERG,1,28-May-18,0.01,2.85
CNRR007,BLOOMBERG,1,29-May-18,0.01,3.4
CNRR007,BLOOMBERG,1,30-May-18,0.01,4
CNRR007,BLOOMBERG,1,31-May-18,0.01,3.54
CNRR007,BLOOMBERG,1,1-Jun-18,0.01,3.2
CNRR007,BLOOMBERG,1,4-Jun-18,0.01,2.9
CNRR007,BLOOMBERG,1,5-Jun-18,0.01,2.9
CNRR007,BLOOMBERG,1,6-Jun-18,0.01,2.9
CNRR007,BLOOMBERG,1,7-Jun-18,0.01,2.9
CNRR007,BLOOMBERG,1,8-Jun-18,0.01,2.85
CNRR007,BLOOMBERG,1,11-Jun-18,0.01,2.78
CNRR007,BLOOMBERG,1,12-Jun-18,0.01,3
CNRR007,BLOOMBERG,1,13-Jun-18,0.01,3
CNRR007,BLOOMBERG,1,14-Jun-18,0.01,3.2
CNRR007,BLOOMBERG,1,15-Jun-18,0.01,3
CNRR007,BLOOMBERG,1,19-Jun-18,0.01,3
CNRR007,BLOOMBERG,1,20-Jun-18,0.01,3.04
CNRR007,BLOOMBERG,1,21-Jun-18,0.01,3
CNRR007,BLOOMBERG,1,22-Jun-18,0.01,2.8
CNRR007,BLOOMBERG,1,25-Jun-18,0.01,2.8
CNRR007,BLOOMBERG,1,26-Jun-18,0.01,2.8
CNRR007,BLOOMBERG,1,27-Jun-18,0.01,3.1
CNRR007,BLOOMBERG,1,28-Jun-18,0.01,3.87
CNRR007,BLOOMBERG,1,29-Jun-18,0.01,3.4
CNRR007,BLOOMBERG,1,2-Jul-18,0.01,2.8
CNRR007,BLOOMBERG,1,3-Jul-18,0.01,2.7
CNRR007,BLOOMBERG,1,4-Jul-18,0.01,2.61
CNRR007,BLOOMBERG,1,5-Jul-18,0.01,2.55
CNRR007,BLOOMBERG,1,6-Jul-18,0.01,2.5
CNRR007,BLOOMBERG,1,9-Jul-18,0.01,2.6
CNRR007,BLOOMBERG,1,10-Jul-18,0.01,2.65
CNRR007,BLOOMBERG,1,11-Jul-18,0.01,2.65
CNRR007,BLOOMBERG,1,12-Jul-18,0.01,2.64
CNRR007,BLOOMBERG,1,13-Jul-18,0.01,2.65
CNRR007,BLOOMBERG,1,16-Jul-18,0.01,2.7
CNRR007,BLOOMBERG,1,17-Jul-18,0.01,2.85
CNRR007,BLOOMBERG,1,18-Jul-18,0.01,2.75
CNRR007,BLOOMBERG,1,19-Jul-18,0.01,2.66
CNRR007,BLOOMBERG,1,20-Jul-18,0.01,2.65
CNRR007,BLOOMBERG,1,23-Jul-18,0.01,2.65
CNRR007,BLOOMBERG,1,24-Jul-18,0.01,2.64
CNRR007,BLOOMBERG,1,25-Jul-18,0.01,2.7
CNRR007,BLOOMBERG,1,26-Jul-18,0.01,2.75
CNRR007,BLOOMBERG,1,27-Jul-18,0.01,2.8
CNRR007,BLOOMBERG,1,30-Jul-18,0.01,2.7
CNRR007,BLOOMBERG,1,31-Jul-18,0.01,2.67
CNRR007,BLOOMBERG,1,1-Aug-18,0.01,2.6
CNRR007,BLOOMBERG,1,2-Aug-18,0.01,2.5
CNRR007,BLOOMBERG,1,3-Aug-18,0.01,2.4
CNRR007,BLOOMBERG,1,6-Aug-18,0.01,2.37
CNRR007,BLOOMBERG,1,7-Aug-18,0.01,2.3
CNRR007,BLOOMBERG,1,8-Aug-18,0.01,2.3
CNRR007,BLOOMBERG,1,9-Aug-18,0.01,2.3
CNRR007,BLOOMBERG,1,10-Aug-18,0.01,2.29
CNRR007,BLOOMBERG,1,13-Aug-18,0.01,2.4
CNRR007,BLOOMBERG,1,14-Aug-18,0.01,2.59
CNRR007,BLOOMBERG,1,15-Aug-18,0.01,2.6
CNRR007,BLOOMBERG,1,16-Aug-18,0.01,2.6
CNRR007,BLOOMBERG,1,17-Aug-18,0.01,2.65
CNRR007,BLOOMBERG,1,20-Aug-18,0.01,2.7
CNRR007,BLOOMBERG,1,21-Aug-18,0.01,2.8
CNRR007,BLOOMBERG,1,22-Aug-18,0.01,2.7
CNRR007,BLOOMBERG,1,23-Aug-18,0.01,2.62
CNRR007,BLOOMBERG,1,24-Aug-18,0.01,2.5
CNRR007,BLOOMBERG,1,27-Aug-18,0.01,2.65
CNRR007,BLOOMBERG,1,28-Aug-18,0.01,2.66
CNRR007,BLOOMBERG,1,29-Aug-18,0.01,2.7
CNRR007,BLOOMBERG,1,30-Aug-18,0.01,2.7
CNRR007,BLOOMBERG,1,31-Aug-18,0.01,2.66
CNRR007,BLOOMBERG,1,3-Sep-18,0.01,2.6
CNRR007,BLOOMBERG,1,4-Sep-18,0.01,2.5
CNRR007,BLOOMBERG,1,5-Sep-18,0.01,2.4
CNRR007,BLOOMBERG,1,6-Sep-18,0.01,2.6
CNRR007,BLOOMBERG,1,7-Sep-18,0.01,2.69
CNRR007,BLOOMBERG,1,10-Sep-18,0.01,2.69
CNRR007,BLOOMBERG,1,11-Sep-18,0.01,2.7
CNRR007,BLOOMBERG,1,12-Sep-18,0.01,2.7
CNRR007,BLOOMBERG,1,13-Sep-18,0.01,2.65
CNRR007,BLOOMBERG,1,14-Sep-18,0.01,2.6
CNRR007,BLOOMBERG,1,17-Sep-18,0.01,2.62
CNRR007,BLOOMBERG,1,18-Sep-18,0.01,2.7
CNRR007,BLOOMBERG,1,19-Sep-18,0.01,2.68
CNRR007,BLOOMBERG,1,20-Sep-18,0.01,2.66
CNRR007,BLOOMBERG,1,21-Sep-18,0.01,2.65
CNRR007,BLOOMBERG,1,25-Sep-18,0.01,2.68
CNRR007,BLOOMBERG,1,26-Sep-18,0.01,2.69
CNRR007,BLOOMBERG,1,27-Sep-18,0.01,2.69
CNRR007,BLOOMBERG,1,28-Sep-18,0.01,2.7
CNRR007,BLOOMBERG,1,29-Sep-18,0.01,2.88
CNRR007,BLOOMBERG,1,30-Sep-18,0.01,2.76
CNRR007,BLOOMBERG,1,8-Oct-18,0.01,2.65
CNRR007,BLOOMBERG,1,9-Oct-18,0.01,2.65
CNRR007,BLOOMBERG,1,10-Oct-18,0.01,2.65
CNRR007,BLOOMBERG,1,11-Oct-18,0.01,2.63
CNRR007,BLOOMBERG,1,12-Oct-18,0.01,2.6
CNRR007,BLOOMBERG,1,15-Oct-18,0.01,2.62
CNRR007,BLOOMBERG,1,16-Oct-18,0.01,2.6
CNRR007,BLOOMBERG,1,17-Oct-18,0.01,2.6
CNRR007,BLOOMBERG,1,18-Oct-18,0.01,2.6
CNRR007,BLOOMBERG,1,19-Oct-18,0.01,2.61
CNRR007,BLOOMBERG,1,22-Oct-18,0.01,2.63
CNRR007,BLOOMBERG,1,23-Oct-18,0.01,2.64
CNRR007,BLOOMBERG,1,24-Oct-18,0.01,2.63
CNRR007,BLOOMBERG,1,25-Oct-18,0.01,2.64
CNRR007,BLOOMBERG,1,26-Oct-18,0.01,2.65
CNRR007,BLOOMBERG,1,29-Oct-18,0.01,2.62
CNRR007,BLOOMBERG,1,30-Oct-18,0.01,2.6
CNRR007,BLOOMBERG,1,31-Oct-18,0.01,2.78
CNRR007,BLOOMBERG,1,1-Nov-18,0.01,2.7
CNRR007,BLOOMBERG,1,2-Nov-18,0.01,2.63
CNRR007,BLOOMBERG,1,5-Nov-18,0.01,2.63
CNRR007,BLOOMBERG,1,6-Nov-18,0.01,2.6
CNRR007,BLOOMBERG,1,7-Nov-18,0.01,2.6
CNRR007,BLOOMBERG,1,8-Nov-18,0.01,2.59
CNRR007,BLOOMBERG,1,9-Nov-18,0.01,2.57
CNRR007,BLOOMBERG,1,12-Nov-18,0.01,2.62
CNRR007,BLOOMBERG,1,13-Nov-18,0.01,2.65
CNRR007,BLOOMBERG,1,14-Nov-18,0.01,2.65
CNRR007,BLOOMBERG,1,15-Nov-18,0.01,2.62
CNRR007,BLOOMBERG,1,16-Nov-18,0.01,2.61
CNRR007,BLOOMBERG,1,19-Nov-18,0.01,2.65
CNRR007,BLOOMBERG,1,20-Nov-18,0.01,2.7
CNRR007,BLOOMBERG,1,21-Nov-18,0.01,2.75
CNRR007,BLOOMBERG,1,22-Nov-18,0.01,2.65
CNRR007,BLOOMBERG,1,23-Nov-18,0.01,2.61
CNRR007,BLOOMBERG,1,26-Nov-18,0.01,2.66
CNRR007,BLOOMBERG,1,27-Nov-18,0.01,2.67
CNRR007,BLOOMBERG,1,28-Nov-18,0.01,2.7
CNRR007,BLOOMBERG,1,29-Nov-18,0.01,2.78
CNRR007,BLOOMBERG,1,30-Nov-18,0.01,2.8
CNRR007,BLOOMBERG,1,3-Dec-18,0.01,2.65
CNRR007,BLOOMBERG,1,4-Dec-18,0.01,2.63
CNRR007,BLOOMBERG,1,5-Dec-18,0.01,2.6
CNRR007,BLOOMBERG,1,6-Dec-18,0.01,2.6
CNRR007,BLOOMBERG,1,7-Dec-18,0.01,2.61
CNRR007,BLOOMBERG,1,10-Dec-18,0.01,2.6
CNRR007,BLOOMBERG,1,11-Dec-18,0.01,2.62
CNRR007,BLOOMBERG,1,12-Dec-18,0.01,2.63
CNRR007,BLOOMBERG,1,13-Dec-18,0.01,2.62
CNRR007,BLOOMBERG,1,14-Dec-18,0.01,2.8
CNRR007,BLOOMBERG,1,17-Dec-18,0.01,2.7
CNRR007,BLOOMBERG,1,18-Dec-18,0.01,2.7
CNRR007,BLOOMBERG,1,19-Dec-18,0.01,2.7
CNRR007,BLOOMBERG,1,20-Dec-18,0.01,2.66
CNRR007,BLOOMBERG,1,21-Dec-18,0.01,2.63
CNRR007,BLOOMBERG,1,24-Dec-18,0.01,2.63
CNRR007,BLOOMBERG,1,25-Dec-18,0.01,2.56
CNRR007,BLOOMBERG,1,26-Dec-18,0.01,2.66
CNRR007,BLOOMBERG,1,27-Dec-18,0.01,3.54
CNRR007,BLOOMBERG,1,28-Dec-18,0.01,5
CNRR007,BLOOMBERG,1,29-Dec-18,0.01,2.96
CNRR007,BLOOMBERG,1,2-Jan-19,0.01,2.65
CNRR007,BLOOMBERG,1,3-Jan-19,0.01,2.55
CNRR007,BLOOMBERG,1,4-Jan-19,0.01,2.48
CNRR007,BLOOMBERG,1,7-Jan-19,0.01,2.4
CNRR007,BLOOMBERG,1,8-Jan-19,0.01,2.3
CNRR007,BLOOMBERG,1,9-Jan-19,0.01,2.4
CNRR007,BLOOMBERG,1,10-Jan-19,0.01,2.6
CNRR007,BLOOMBERG,1,11-Jan-19,0.01,2.53
CNRR007,BLOOMBERG,1,14-Jan-19,0.01,2.62
CNRR007,BLOOMBERG,1,15-Jan-19,0.01,2.65
CNRR007,BLOOMBERG,1,16-Jan-19,0.01,2.66
CNRR007,BLOOMBERG,1,17-Jan-19,0.01,2.6
CNRR007,BLOOMBERG,1,18-Jan-19,0.01,2.6
CNRR007,BLOOMBERG,1,21-Jan-19,0.01,2.57
CNRR007,BLOOMBERG,1,22-Jan-19,0.01,2.55
CNRR007,BLOOMBERG,1,23-Jan-19,0.01,2.59
CNRR007,BLOOMBERG,1,24-Jan-19,0.01,2.6
CNRR007,BLOOMBERG,1,25-Jan-19,0.01,2.6
CNRR007,BLOOMBERG,1,28-Jan-19,0.01,2.6
CNRR007,BLOOMBERG,1,29-Jan-19,0.01,2.68
CNRR007,BLOOMBERG,1,30-Jan-19,0.01,2.75
CNRR007,BLOOMBERG,1,31-Jan-19,0.01,2.85
CNRR007,BLOOMBERG,1,1-Feb-19,0.01,2.75
CNRR007,BLOOMBERG,1,2-Feb-19,0.01,2.3
CNRR007,BLOOMBERG,1,3-Feb-19,0.01,2.33
CNRR007,BLOOMBERG,1,11-Feb-19,0.01,2.6
CNRR007,BLOOMBERG,1,12-Feb-19,0.01,2.55
CNRR007,BLOOMBERG,1,13-Feb-19,0.01,2.43
CNRR007,BLOOMBERG,1,14-Feb-19,0.01,2.4
CNRR007,BLOOMBERG,1,15-Feb-19,0.01,2.38
CNRR007,BLOOMBERG,1,18-Feb-19,0.01,2.4
CNRR007,BLOOMBERG,1,19-Feb-19,0.01,2.4
CNRR007,BLOOMBERG,1,20-Feb-19,0.01,2.37
CNRR007,BLOOMBERG,1,21-Feb-19,0.01,2.3
CNRR007,BLOOMBERG,1,22-Feb-19,0.01,2.6
CNRR007,BLOOMBERG,1,25-Feb-19,0.01,2.65
CNRR007,BLOOMBERG,1,26-Feb-19,0.01,3
CNRR007,BLOOMBERG,1,27-Feb-19,0.01,3.1
CNRR007,BLOOMBERG,1,28-Feb-19,0.01,2.73
CNRR007,BLOOMBERG,1,1-Mar-19,0.01,2.5
CNRR007,BLOOMBERG,1,4-Mar-19,0.01,2.37
CNRR007,BLOOMBERG,1,5-Mar-19,0.01,2.55
CNRR007,BLOOMBERG,1,6-Mar-19,0.01,2.47
CNRR007,BLOOMBERG,1,7-Mar-19,0.01,2.4
CNRR007,BLOOMBERG,1,8-Mar-19,0.01,2.35
CNRR007,BLOOMBERG,1,11-Mar-19,0.01,2.38
CNRR007,BLOOMBERG,1,12-Mar-19,0.01,2.58
CNRR007,BLOOMBERG,1,13-Mar-19,0.01,2.52
CNRR007,BLOOMBERG,1,14-Mar-19,0.01,2.58
CNRR007,BLOOMBERG,1,15-Mar-19,0.01,2.8
CNRR007,BLOOMBERG,1,18-Mar-19,0.01,2.9
CNRR007,BLOOMBERG,1,19-Mar-19,0.01,2.9
CNRR007,BLOOMBERG,1,20-Mar-19,0.01,2.9
CNRR007,BLOOMBERG,1,21-Mar-19,0.01,2.8
CNRR007,BLOOMBERG,1,22-Mar-19,0.01,2.72
CNRR007,BLOOMBERG,1,25-Mar-19,0.01,2.8
CNRR007,BLOOMBERG,1,26-Mar-19,0.01,3.13
CNRR007,BLOOMBERG,1,27-Mar-19,0.01,3.25
CNRR007,BLOOMBERG,1,28-Mar-19,0.01,3.4
CNRR007,BLOOMBERG,1,29-Mar-19,0.01,3
CNRR007,BLOOMBERG,1,1-Apr-19,0.01,2.65
CNRR007,BLOOMBERG,1,2-Apr-19,0.01,2.5
CNRR007,BLOOMBERG,1,3-Apr-19,0.01,2.35
CNRR007,BLOOMBERG,1,4-Apr-19,0.01,2.3
CNRR007,BLOOMBERG,1,8-Apr-19,0.01,2.48
CNRR007,BLOOMBERG,1,9-Apr-19,0.01,2.45
CNRR007,BLOOMBERG,1,10-Apr-19,0.01,2.7
CNRR007,BLOOMBERG,1,11-Apr-19,0.01,2.66
CNRR007,BLOOMBERG,1,12-Apr-19,0.01,2.7
CNRR007,BLOOMBERG,1,15-Apr-19,0.01,2.95
CNRR007,BLOOMBERG,1,16-Apr-19,0.01,3.1
CNRR007,BLOOMBERG,1,17-Apr-19,0.01,3.2
CNRR007,BLOOMBERG,1,18-Apr-19,0.01,3
CNRR007,BLOOMBERG,1,19-Apr-19,0.01,2.7
CNRR007,BLOOMBERG,1,22-Apr-19,0.01,2.65
CNRR007,BLOOMBERG,1,23-Apr-19,0.01,2.8
CNRR007,BLOOMBERG,1,24-Apr-19,0.01,2.95
CNRR007,BLOOMBERG,1,25-Apr-19,0.01,2.8
CNRR007,BLOOMBERG,1,26-Apr-19,0.01,2.74
CNRR007,BLOOMBERG,1,28-Apr-19,0.01,2.7
CNRR007,BLOOMBERG,1,29-Apr-19,0.01,2.88
CNRR007,BLOOMBERG,1,30-Apr-19,0.01,2.75
CNRR007,BLOOMBERG,1,5-May-19,0.01,2.46
CNRR007,BLOOMBERG,1,6-May-19,0.01,2.5
CNRR007,BLOOMBERG,1,7-May-19,0.01,2.3
CNRR007,BLOOMBERG,1,8-May-19,0.01,2.3
CNRR007,BLOOMBERG,1,9-May-19,0.01,2.3
CNRR007,BLOOMBERG,1,10-May-19,0.01,2.44
CNRR007,BLOOMBERG,1,13-May-19,0.01,2.5
CNRR007,BLOOMBERG,1,14-May-19,0.01,2.6
CNRR007,BLOOMBERG,1,15-May-19,0.01,2.63
CNRR007,BLOOMBERG,1,16-May-19,0.01,2.6
CNRR007,BLOOMBERG,1,17-May-19,0.01,2.56
CNRR007,BLOOMBERG,1,20-May-19,0.01,2.71
CNRR007,BLOOMBERG,1,21-May-19,0.01,2.81
CNRR007,BLOOMBERG,1,22-May-19,0.01,2.72
CNRR007,BLOOMBERG,1,23-May-19,0.01,2.6
CNRR007,BLOOMBERG,1,24-May-19,0.01,2.57
CNRR007,BLOOMBERG,1,27-May-19,0.01,2.8
CNRR007,BLOOMBERG,1,28-May-19,0.01,3
CNRR007,BLOOMBERG,1,29-May-19,0.01,3
CNRR007,BLOOMBERG,1,30-May-19,0.01,2.7
CNRR007,BLOOMBERG,1,31-May-19,0.01,2.65
CNRR007,BLOOMBERG,1,3-Jun-19,0.01,2.5
CNRR007,BLOOMBERG,1,4-Jun-19,0.01,2.4
CNRR007,BLOOMBERG,1,5-Jun-19,0.01,2.47
CNRR007,BLOOMBERG,1,6-Jun-19,0.01,2.5
CNRR007,BLOOMBERG,1,10-Jun-19,0.01,2.55
CNRR007,BLOOMBERG,1,11-Jun-19,0.01,2.57
CNRR007,BLOOMBERG,1,12-Jun-19,0.01,2.59
CNRR007,BLOOMBERG,1,13-Jun-19,0.01,2.55
CNRR007,BLOOMBERG,1,14-Jun-19,0.01,2.55
CNRR007,BLOOMBERG,1,17-Jun-19,0.01,2.5
,,,,,
,,,,,
FixingName,Source,Revision,Date,ScaleFactor,Value
SHIF3M,BLOOMBERG,1,2-Jan-18,0.01,4.804
SHIF3M,BLOOMBERG,1,3-Jan-18,0.01,4.73
SHIF3M,BLOOMBERG,1,4-Jan-18,0.01,4.687
SHIF3M,BLOOMBERG,1,5-Jan-18,0.01,4.6637
SHIF3M,BLOOMBERG,1,8-Jan-18,0.01,4.6594
SHIF3M,BLOOMBERG,1,9-Jan-18,0.01,4.657
SHIF3M,BLOOMBERG,1,10-Jan-18,0.01,4.6607
SHIF3M,BLOOMBERG,1,11-Jan-18,0.01,4.6701
SHIF3M,BLOOMBERG,1,12-Jan-18,0.01,4.6791
SHIF3M,BLOOMBERG,1,15-Jan-18,0.01,4.683
SHIF3M,BLOOMBERG,1,16-Jan-18,0.01,4.6843
SHIF3M,BLOOMBERG,1,17-Jan-18,0.01,4.6935
SHIF3M,BLOOMBERG,1,18-Jan-18,0.01,4.7044
SHIF3M,BLOOMBERG,1,19-Jan-18,0.01,4.7115
SHIF3M,BLOOMBERG,1,22-Jan-18,0.01,4.7122
SHIF3M,BLOOMBERG,1,23-Jan-18,0.01,4.7163
SHIF3M,BLOOMBERG,1,24-Jan-18,0.01,4.7267
SHIF3M,BLOOMBERG,1,25-Jan-18,0.01,4.7317
SHIF3M,BLOOMBERG,1,26-Jan-18,0.01,4.7292
SHIF3M,BLOOMBERG,1,29-Jan-18,0.01,4.727
SHIF3M,BLOOMBERG,1,30-Jan-18,0.01,4.7267
SHIF3M,BLOOMBERG,1,31-Jan-18,0.01,4.7257
SHIF3M,BLOOMBERG,1,1-Feb-18,0.01,4.7276
SHIF3M,BLOOMBERG,1,2-Feb-18,0.01,4.7278
SHIF3M,BLOOMBERG,1,5-Feb-18,0.01,4.7258
SHIF3M,BLOOMBERG,1,6-Feb-18,0.01,4.7206
SHIF3M,BLOOMBERG,1,7-Feb-18,0.01,4.707
SHIF3M,BLOOMBERG,1,8-Feb-18,0.01,4.696
SHIF3M,BLOOMBERG,1,9-Feb-18,0.01,4.6936
SHIF3M,BLOOMBERG,1,11-Feb-18,0.01,4.6974
SHIF3M,BLOOMBERG,1,12-Feb-18,0.01,4.696
SHIF3M,BLOOMBERG,1,13-Feb-18,0.01,4.7006
SHIF3M,BLOOMBERG,1,14-Feb-18,0.01,4.7031
SHIF3M,BLOOMBERG,1,22-Feb-18,0.01,4.7054
SHIF3M,BLOOMBERG,1,23-Feb-18,0.01,4.7076
SHIF3M,BLOOMBERG,1,24-Feb-18,0.01,4.7078
SHIF3M,BLOOMBERG,1,26-Feb-18,0.01,4.7128
SHIF3M,BLOOMBERG,1,27-Feb-18,0.01,4.7103
SHIF3M,BLOOMBERG,1,28-Feb-18,0.01,4.7131
SHIF3M,BLOOMBERG,1,1-Mar-18,0.01,4.7154
SHIF3M,BLOOMBERG,1,2-Mar-18,0.01,4.7191
SHIF3M,BLOOMBERG,1,5-Mar-18,0.01,4.722
SHIF3M,BLOOMBERG,1,6-Mar-18,0.01,4.7332
SHIF3M,BLOOMBERG,1,7-Mar-18,0.01,4.7364
SHIF3M,BLOOMBERG,1,8-Mar-18,0.01,4.7407
SHIF3M,BLOOMBERG,1,9-Mar-18,0.01,4.741
SHIF3M,BLOOMBERG,1,12-Mar-18,0.01,4.735
SHIF3M,BLOOMBERG,1,13-Mar-18,0.01,4.725
SHIF3M,BLOOMBERG,1,14-Mar-18,0.01,4.719
SHIF3M,BLOOMBERG,1,15-Mar-18,0.01,4.7139
SHIF3M,BLOOMBERG,1,16-Mar-18,0.01,4.712
SHIF3M,BLOOMBERG,1,19-Mar-18,0.01,4.704
SHIF3M,BLOOMBERG,1,20-Mar-18,0.01,4.685
SHIF3M,BLOOMBERG,1,21-Mar-18,0.01,4.6751
SHIF3M,BLOOMBERG,1,22-Mar-18,0.01,4.6621
SHIF3M,BLOOMBERG,1,23-Mar-18,0.01,4.6489
SHIF3M,BLOOMBERG,1,26-Mar-18,0.01,4.6351
SHIF3M,BLOOMBERG,1,27-Mar-18,0.01,4.6239
SHIF3M,BLOOMBERG,1,28-Mar-18,0.01,4.6174
SHIF3M,BLOOMBERG,1,29-Mar-18,0.01,4.5247
SHIF3M,BLOOMBERG,1,30-Mar-18,0.01,4.4615
SHIF3M,BLOOMBERG,1,2-Apr-18,0.01,4.4052
SHIF3M,BLOOMBERG,1,3-Apr-18,0.01,4.3506
SHIF3M,BLOOMBERG,1,4-Apr-18,0.01,4.3101
SHIF3M,BLOOMBERG,1,8-Apr-18,0.01,4.2781
SHIF3M,BLOOMBERG,1,9-Apr-18,0.01,4.2579
SHIF3M,BLOOMBERG,1,10-Apr-18,0.01,4.229
SHIF3M,BLOOMBERG,1,11-Apr-18,0.01,4.209
SHIF3M,BLOOMBERG,1,12-Apr-18,0.01,4.199
SHIF3M,BLOOMBERG,1,13-Apr-18,0.01,4.179
SHIF3M,BLOOMBERG,1,16-Apr-18,0.01,4.173
SHIF3M,BLOOMBERG,1,17-Apr-18,0.01,4.174
SHIF3M,BLOOMBERG,1,18-Apr-18,0.01,4.103
SHIF3M,BLOOMBERG,1,19-Apr-18,0.01,4.05
SHIF3M,BLOOMBERG,1,20-Apr-18,0.01,4.017
SHIF3M,BLOOMBERG,1,23-Apr-18,0.01,4.004
SHIF3M,BLOOMBERG,1,24-Apr-18,0.01,3.991
SHIF3M,BLOOMBERG,1,25-Apr-18,0.01,3.984
SHIF3M,BLOOMBERG,1,26-Apr-18,0.01,3.992
SHIF3M,BLOOMBERG,1,27-Apr-18,0.01,4.007
SHIF3M,BLOOMBERG,1,28-Apr-18,0.01,4.005
SHIF3M,BLOOMBERG,1,2-May-18,0.01,4.003
SHIF3M,BLOOMBERG,1,3-May-18,0.01,3.993
SHIF3M,BLOOMBERG,1,4-May-18,0.01,3.993
SHIF3M,BLOOMBERG,1,7-May-18,0.01,3.9943
SHIF3M,BLOOMBERG,1,8-May-18,0.01,3.9994
SHIF3M,BLOOMBERG,1,9-May-18,0.01,4.013
SHIF3M,BLOOMBERG,1,10-May-18,0.01,4.034
SHIF3M,BLOOMBERG,1,11-May-18,0.01,4.05
SHIF3M,BLOOMBERG,1,14-May-18,0.01,4.06
SHIF3M,BLOOMBERG,1,15-May-18,0.01,4.072
SHIF3M,BLOOMBERG,1,16-May-18,0.01,4.082
SHIF3M,BLOOMBERG,1,17-May-18,0.01,4.101
SHIF3M,BLOOMBERG,1,18-May-18,0.01,4.147
SHIF3M,BLOOMBERG,1,21-May-18,0.01,4.151
SHIF3M,BLOOMBERG,1,22-May-18,0.01,4.16
SHIF3M,BLOOMBERG,1,23-May-18,0.01,4.173
SHIF3M,BLOOMBERG,1,24-May-18,0.01,4.193
SHIF3M,BLOOMBERG,1,25-May-18,0.01,4.215
SHIF3M,BLOOMBERG,1,28-May-18,0.01,4.242
SHIF3M,BLOOMBERG,1,29-May-18,0.01,4.282
SHIF3M,BLOOMBERG,1,30-May-18,0.01,4.312
SHIF3M,BLOOMBERG,1,31-May-18,0.01,4.329
SHIF3M,BLOOMBERG,1,1-Jun-18,0.01,4.339
SHIF3M,BLOOMBERG,1,4-Jun-18,0.01,4.341
SHIF3M,BLOOMBERG,1,5-Jun-18,0.01,4.346
SHIF3M,BLOOMBERG,1,6-Jun-18,0.01,4.354
SHIF3M,BLOOMBERG,1,7-Jun-18,0.01,4.35
SHIF3M,BLOOMBERG,1,8-Jun-18,0.01,4.351
SHIF3M,BLOOMBERG,1,11-Jun-18,0.01,4.353
SHIF3M,BLOOMBERG,1,12-Jun-18,0.01,4.352
SHIF3M,BLOOMBERG,1,13-Jun-18,0.01,4.351
SHIF3M,BLOOMBERG,1,14-Jun-18,0.01,4.351
SHIF3M,BLOOMBERG,1,15-Jun-18,0.01,4.352
SHIF3M,BLOOMBERG,1,19-Jun-18,0.01,4.346
SHIF3M,BLOOMBERG,1,20-Jun-18,0.01,4.334
SHIF3M,BLOOMBERG,1,21-Jun-18,0.01,4.329
SHIF3M,BLOOMBERG,1,22-Jun-18,0.01,4.305
SHIF3M,BLOOMBERG,1,25-Jun-18,0.01,4.272
SHIF3M,BLOOMBERG,1,26-Jun-18,0.01,4.261
SHIF3M,BLOOMBERG,1,27-Jun-18,0.01,4.242
SHIF3M,BLOOMBERG,1,28-Jun-18,0.01,4.192
SHIF3M,BLOOMBERG,1,29-Jun-18,0.01,4.155
SHIF3M,BLOOMBERG,1,2-Jul-18,0.01,4.104
SHIF3M,BLOOMBERG,1,3-Jul-18,0.01,3.9944
SHIF3M,BLOOMBERG,1,4-Jul-18,0.01,3.919
SHIF3M,BLOOMBERG,1,5-Jul-18,0.01,3.818
SHIF3M,BLOOMBERG,1,6-Jul-18,0.01,3.74
SHIF3M,BLOOMBERG,1,9-Jul-18,0.01,3.682
SHIF3M,BLOOMBERG,1,10-Jul-18,0.01,3.649
SHIF3M,BLOOMBERG,1,11-Jul-18,0.01,3.632
SHIF3M,BLOOMBERG,1,12-Jul-18,0.01,3.626
SHIF3M,BLOOMBERG,1,13-Jul-18,0.01,3.613
SHIF3M,BLOOMBERG,1,16-Jul-18,0.01,3.608
SHIF3M,BLOOMBERG,1,17-Jul-18,0.01,3.601
SHIF3M,BLOOMBERG,1,18-Jul-18,0.01,3.588
SHIF3M,BLOOMBERG,1,19-Jul-18,0.01,3.561
SHIF3M,BLOOMBERG,1,20-Jul-18,0.01,3.536
SHIF3M,BLOOMBERG,1,23-Jul-18,0.01,3.503
SHIF3M,BLOOMBERG,1,24-Jul-18,0.01,3.475
SHIF3M,BLOOMBERG,1,25-Jul-18,0.01,3.419
SHIF3M,BLOOMBERG,1,26-Jul-18,0.01,3.363
SHIF3M,BLOOMBERG,1,27-Jul-18,0.01,3.303
SHIF3M,BLOOMBERG,1,30-Jul-18,0.01,3.233
SHIF3M,BLOOMBERG,1,31-Jul-18,0.01,3.174
SHIF3M,BLOOMBERG,1,1-Aug-18,0.01,3.119
SHIF3M,BLOOMBERG,1,2-Aug-18,0.01,3.056
SHIF3M,BLOOMBERG,1,3-Aug-18,0.01,3.003
SHIF3M,BLOOMBERG,1,6-Aug-18,0.01,2.954
SHIF3M,BLOOMBERG,1,7-Aug-18,0.01,2.895
SHIF3M,BLOOMBERG,1,8-Aug-18,0.01,2.842
SHIF3M,BLOOMBERG,1,9-Aug-18,0.01,2.816
SHIF3M,BLOOMBERG,1,10-Aug-18,0.01,2.801
SHIF3M,BLOOMBERG,1,13-Aug-18,0.01,2.791
SHIF3M,BLOOMBERG,1,14-Aug-18,0.01,2.799
SHIF3M,BLOOMBERG,1,15-Aug-18,0.01,2.807
SHIF3M,BLOOMBERG,1,16-Aug-18,0.01,2.813
SHIF3M,BLOOMBERG,1,17-Aug-18,0.01,2.817
SHIF3M,BLOOMBERG,1,20-Aug-18,0.01,2.83
SHIF3M,BLOOMBERG,1,21-Aug-18,0.01,2.856
SHIF3M,BLOOMBERG,1,22-Aug-18,0.01,2.878
SHIF3M,BLOOMBERG,1,23-Aug-18,0.01,2.887
SHIF3M,BLOOMBERG,1,24-Aug-18,0.01,2.889
SHIF3M,BLOOMBERG,1,27-Aug-18,0.01,2.895
SHIF3M,BLOOMBERG,1,28-Aug-18,0.01,2.899
SHIF3M,BLOOMBERG,1,29-Aug-18,0.01,2.897
SHIF3M,BLOOMBERG,1,30-Aug-18,0.01,2.894
SHIF3M,BLOOMBERG,1,31-Aug-18,0.01,2.894
SHIF3M,BLOOMBERG,1,3-Sep-18,0.01,2.887
SHIF3M,BLOOMBERG,1,4-Sep-18,0.01,2.878
SHIF3M,BLOOMBERG,1,5-Sep-18,0.01,2.85
SHIF3M,BLOOMBERG,1,6-Sep-18,0.01,2.845
SHIF3M,BLOOMBERG,1,7-Sep-18,0.01,2.851
SHIF3M,BLOOMBERG,1,10-Sep-18,0.01,2.842
SHIF3M,BLOOMBERG,1,11-Sep-18,0.01,2.848
SHIF3M,BLOOMBERG,1,12-Sep-18,0.01,2.846
SHIF3M,BLOOMBERG,1,13-Sep-18,0.01,2.843
SHIF3M,BLOOMBERG,1,14-Sep-18,0.01,2.83
SHIF3M,BLOOMBERG,1,17-Sep-18,0.01,2.822
SHIF3M,BLOOMBERG,1,18-Sep-18,0.01,2.82
SHIF3M,BLOOMBERG,1,19-Sep-18,0.01,2.818
SHIF3M,BLOOMBERG,1,20-Sep-18,0.01,2.812
SHIF3M,BLOOMBERG,1,21-Sep-18,0.01,2.815
SHIF3M,BLOOMBERG,1,25-Sep-18,0.01,2.827
SHIF3M,BLOOMBERG,1,26-Sep-18,0.01,2.83
SHIF3M,BLOOMBERG,1,27-Sep-18,0.01,2.838
SHIF3M,BLOOMBERG,1,28-Sep-18,0.01,2.843
SHIF3M,BLOOMBERG,1,30-Sep-18,0.01,2.847
SHIF3M,BLOOMBERG,1,8-Oct-18,0.01,2.836
SHIF3M,BLOOMBERG,1,9-Oct-18,0.01,2.816
SHIF3M,BLOOMBERG,1,10-Oct-18,0.01,2.81
SHIF3M,BLOOMBERG,1,11-Oct-18,0.01,2.801
SHIF3M,BLOOMBERG,1,12-Oct-18,0.01,2.8
SHIF3M,BLOOMBERG,1,15-Oct-18,0.01,2.801
SHIF3M,BLOOMBERG,1,16-Oct-18,0.01,2.8
SHIF3M,BLOOMBERG,1,17-Oct-18,0.01,2.818
SHIF3M,BLOOMBERG,1,18-Oct-18,0.01,2.832
SHIF3M,BLOOMBERG,1,19-Oct-18,0.01,2.842
SHIF3M,BLOOMBERG,1,22-Oct-18,0.01,2.871
SHIF3M,BLOOMBERG,1,23-Oct-18,0.01,2.903
SHIF3M,BLOOMBERG,1,24-Oct-18,0.01,2.924
SHIF3M,BLOOMBERG,1,25-Oct-18,0.01,2.948
SHIF3M,BLOOMBERG,1,26-Oct-18,0.01,2.952
SHIF3M,BLOOMBERG,1,29-Oct-18,0.01,2.958
SHIF3M,BLOOMBERG,1,30-Oct-18,0.01,2.957
SHIF3M,BLOOMBERG,1,31-Oct-18,0.01,2.963
SHIF3M,BLOOMBERG,1,1-Nov-18,0.01,2.976
SHIF3M,BLOOMBERG,1,2-Nov-18,0.01,2.981
SHIF3M,BLOOMBERG,1,5-Nov-18,0.01,2.986
SHIF3M,BLOOMBERG,1,6-Nov-18,0.01,2.991
SHIF3M,BLOOMBERG,1,7-Nov-18,0.01,2.997
SHIF3M,BLOOMBERG,1,8-Nov-18,0.01,3
SHIF3M,BLOOMBERG,1,9-Nov-18,0.01,3.001
SHIF3M,BLOOMBERG,1,12-Nov-18,0.01,3.001
SHIF3M,BLOOMBERG,1,13-Nov-18,0.01,3.004
SHIF3M,BLOOMBERG,1,14-Nov-18,0.01,3.008
SHIF3M,BLOOMBERG,1,15-Nov-18,0.01,3.01
SHIF3M,BLOOMBERG,1,16-Nov-18,0.01,3.023
SHIF3M,BLOOMBERG,1,19-Nov-18,0.01,3.035
SHIF3M,BLOOMBERG,1,20-Nov-18,0.01,3.053
SHIF3M,BLOOMBERG,1,21-Nov-18,0.01,3.06
SHIF3M,BLOOMBERG,1,22-Nov-18,0.01,3.064
SHIF3M,BLOOMBERG,1,23-Nov-18,0.01,3.073
SHIF3M,BLOOMBERG,1,26-Nov-18,0.01,3.085
SHIF3M,BLOOMBERG,1,27-Nov-18,0.01,3.096
SHIF3M,BLOOMBERG,1,28-Nov-18,0.01,3.104
SHIF3M,BLOOMBERG,1,29-Nov-18,0.01,3.1094
SHIF3M,BLOOMBERG,1,30-Nov-18,0.01,3.113
SHIF3M,BLOOMBERG,1,3-Dec-18,0.01,3.117
SHIF3M,BLOOMBERG,1,4-Dec-18,0.01,3.126
SHIF3M,BLOOMBERG,1,5-Dec-18,0.01,3.133
SHIF3M,BLOOMBERG,1,6-Dec-18,0.01,3.133
SHIF3M,BLOOMBERG,1,7-Dec-18,0.01,3.136
SHIF3M,BLOOMBERG,1,10-Dec-18,0.01,3.142
SHIF3M,BLOOMBERG,1,11-Dec-18,0.01,3.145
SHIF3M,BLOOMBERG,1,12-Dec-18,0.01,3.147
SHIF3M,BLOOMBERG,1,13-Dec-18,0.01,3.149
SHIF3M,BLOOMBERG,1,14-Dec-18,0.01,3.156
SHIF3M,BLOOMBERG,1,17-Dec-18,0.01,3.164
SHIF3M,BLOOMBERG,1,18-Dec-18,0.01,3.174
SHIF3M,BLOOMBERG,1,19-Dec-18,0.01,3.181
SHIF3M,BLOOMBERG,1,20-Dec-18,0.01,3.199
SHIF3M,BLOOMBERG,1,21-Dec-18,0.01,3.209
SHIF3M,BLOOMBERG,1,24-Dec-18,0.01,3.23
SHIF3M,BLOOMBERG,1,25-Dec-18,0.01,3.273
SHIF3M,BLOOMBERG,1,26-Dec-18,0.01,3.309
SHIF3M,BLOOMBERG,1,27-Dec-18,0.01,3.339
SHIF3M,BLOOMBERG,1,28-Dec-18,0.01,3.357
SHIF3M,BLOOMBERG,1,29-Dec-18,0.01,3.346
SHIF3M,BLOOMBERG,1,2-Jan-19,0.01,3.285
SHIF3M,BLOOMBERG,1,3-Jan-19,0.01,3.246
SHIF3M,BLOOMBERG,1,4-Jan-19,0.01,3.215
SHIF3M,BLOOMBERG,1,7-Jan-19,0.01,3.141
SHIF3M,BLOOMBERG,1,8-Jan-19,0.01,3.093
SHIF3M,BLOOMBERG,1,9-Jan-19,0.01,3.065
SHIF3M,BLOOMBERG,1,10-Jan-19,0.01,3.031
SHIF3M,BLOOMBERG,1,11-Jan-19,0.01,3.007
SHIF3M,BLOOMBERG,1,14-Jan-19,0.01,2.984
SHIF3M,BLOOMBERG,1,15-Jan-19,0.01,2.962
SHIF3M,BLOOMBERG,1,16-Jan-19,0.01,2.942
SHIF3M,BLOOMBERG,1,17-Jan-19,0.01,2.93
SHIF3M,BLOOMBERG,1,18-Jan-19,0.01,2.918
SHIF3M,BLOOMBERG,1,21-Jan-19,0.01,2.915
SHIF3M,BLOOMBERG,1,22-Jan-19,0.01,2.914
SHIF3M,BLOOMBERG,1,23-Jan-19,0.01,2.909
SHIF3M,BLOOMBERG,1,24-Jan-19,0.01,2.904
SHIF3M,BLOOMBERG,1,25-Jan-19,0.01,2.902
SHIF3M,BLOOMBERG,1,28-Jan-19,0.01,2.901
SHIF3M,BLOOMBERG,1,29-Jan-19,0.01,2.9
SHIF3M,BLOOMBERG,1,30-Jan-19,0.01,2.901
SHIF3M,BLOOMBERG,1,31-Jan-19,0.01,2.9
SHIF3M,BLOOMBERG,1,1-Feb-19,0.01,2.9
SHIF3M,BLOOMBERG,1,2-Feb-19,0.01,2.9
SHIF3M,BLOOMBERG,1,3-Feb-19,0.01,2.9
SHIF3M,BLOOMBERG,1,11-Feb-19,0.01,2.898
SHIF3M,BLOOMBERG,1,12-Feb-19,0.01,2.872
SHIF3M,BLOOMBERG,1,13-Feb-19,0.01,2.852
SHIF3M,BLOOMBERG,1,14-Feb-19,0.01,2.83
SHIF3M,BLOOMBERG,1,15-Feb-19,0.01,2.802
SHIF3M,BLOOMBERG,1,18-Feb-19,0.01,2.797
SHIF3M,BLOOMBERG,1,19-Feb-19,0.01,2.778
SHIF3M,BLOOMBERG,1,20-Feb-19,0.01,2.759
SHIF3M,BLOOMBERG,1,21-Feb-19,0.01,2.749
SHIF3M,BLOOMBERG,1,22-Feb-19,0.01,2.749
SHIF3M,BLOOMBERG,1,25-Feb-19,0.01,2.752
SHIF3M,BLOOMBERG,1,26-Feb-19,0.01,2.756
SHIF3M,BLOOMBERG,1,27-Feb-19,0.01,2.756
SHIF3M,BLOOMBERG,1,28-Feb-19,0.01,2.751
SHIF3M,BLOOMBERG,1,1-Mar-19,0.01,2.75
SHIF3M,BLOOMBERG,1,4-Mar-19,0.01,2.75
SHIF3M,BLOOMBERG,1,5-Mar-19,0.01,2.75
SHIF3M,BLOOMBERG,1,6-Mar-19,0.01,2.75
SHIF3M,BLOOMBERG,1,7-Mar-19,0.01,2.751
SHIF3M,BLOOMBERG,1,8-Mar-19,0.01,2.755
SHIF3M,BLOOMBERG,1,11-Mar-19,0.01,2.7565
SHIF3M,BLOOMBERG,1,12-Mar-19,0.01,2.761
SHIF3M,BLOOMBERG,1,13-Mar-19,0.01,2.768
SHIF3M,BLOOMBERG,1,14-Mar-19,0.01,2.777
SHIF3M,BLOOMBERG,1,15-Mar-19,0.01,2.799
SHIF3M,BLOOMBERG,1,18-Mar-19,0.01,2.814
SHIF3M,BLOOMBERG,1,19-Mar-19,0.01,2.823
SHIF3M,BLOOMBERG,1,20-Mar-19,0.01,2.833
SHIF3M,BLOOMBERG,1,21-Mar-19,0.01,2.838
SHIF3M,BLOOMBERG,1,22-Mar-19,0.01,2.837
SHIF3M,BLOOMBERG,1,25-Mar-19,0.01,2.836
SHIF3M,BLOOMBERG,1,26-Mar-19,0.01,2.828
SHIF3M,BLOOMBERG,1,27-Mar-19,0.01,2.819
SHIF3M,BLOOMBERG,1,28-Mar-19,0.01,2.807
SHIF3M,BLOOMBERG,1,29-Mar-19,0.01,2.801
SHIF3M,BLOOMBERG,1,1-Apr-19,0.01,2.795
SHIF3M,BLOOMBERG,1,2-Apr-19,0.01,2.786
SHIF3M,BLOOMBERG,1,3-Apr-19,0.01,2.767
SHIF3M,BLOOMBERG,1,4-Apr-19,0.01,2.758
SHIF3M,BLOOMBERG,1,8-Apr-19,0.01,2.754
SHIF3M,BLOOMBERG,1,9-Apr-19,0.01,2.751
SHIF3M,BLOOMBERG,1,10-Apr-19,0.01,2.755
SHIF3M,BLOOMBERG,1,11-Apr-19,0.01,2.76
SHIF3M,BLOOMBERG,1,12-Apr-19,0.01,2.761
SHIF3M,BLOOMBERG,1,15-Apr-19,0.01,2.768
SHIF3M,BLOOMBERG,1,16-Apr-19,0.01,2.774
SHIF3M,BLOOMBERG,1,17-Apr-19,0.01,2.787
SHIF3M,BLOOMBERG,1,18-Apr-19,0.01,2.806
SHIF3M,BLOOMBERG,1,19-Apr-19,0.01,2.817
SHIF3M,BLOOMBERG,1,22-Apr-19,0.01,2.822
SHIF3M,BLOOMBERG,1,23-Apr-19,0.01,2.833
SHIF3M,BLOOMBERG,1,24-Apr-19,0.01,2.855
SHIF3M,BLOOMBERG,1,25-Apr-19,0.01,2.88
SHIF3M,BLOOMBERG,1,26-Apr-19,0.01,2.896
SHIF3M,BLOOMBERG,1,28-Apr-19,0.01,2.909
SHIF3M,BLOOMBERG,1,29-Apr-19,0.01,2.923
SHIF3M,BLOOMBERG,1,30-Apr-19,0.01,2.93
SHIF3M,BLOOMBERG,1,5-May-19,0.01,2.935
SHIF3M,BLOOMBERG,1,6-May-19,0.01,2.934
SHIF3M,BLOOMBERG,1,7-May-19,0.01,2.922
SHIF3M,BLOOMBERG,1,8-May-19,0.01,2.91
SHIF3M,BLOOMBERG,1,9-May-19,0.01,2.903
SHIF3M,BLOOMBERG,1,10-May-19,0.01,2.895
SHIF3M,BLOOMBERG,1,13-May-19,0.01,2.889
SHIF3M,BLOOMBERG,1,14-May-19,0.01,2.891
SHIF3M,BLOOMBERG,1,15-May-19,0.01,2.893
SHIF3M,BLOOMBERG,1,16-May-19,0.01,2.896
SHIF3M,BLOOMBERG,1,17-May-19,0.01,2.9
SHIF3M,BLOOMBERG,1,20-May-19,0.01,2.9
SHIF3M,BLOOMBERG,1,21-May-19,0.01,2.9
SHIF3M,BLOOMBERG,1,22-May-19,0.01,2.903
SHIF3M,BLOOMBERG,1,23-May-19,0.01,2.901
SHIF3M,BLOOMBERG,1,24-May-19,0.01,2.902
SHIF3M,BLOOMBERG,1,27-May-19,0.01,2.904
SHIF3M,BLOOMBERG,1,28-May-19,0.01,2.915
SHIF3M,BLOOMBERG,1,29-May-19,0.01,2.917
SHIF3M,BLOOMBERG,1,30-May-19,0.01,2.916
SHIF3M,BLOOMBERG,1,31-May-19,0.01,2.912
SHIF3M,BLOOMBERG,1,3-Jun-19,0.01,2.904
SHIF3M,BLOOMBERG,1,4-Jun-19,0.01,2.902
SHIF3M,BLOOMBERG,1,5-Jun-19,0.01,2.916
SHIF3M,BLOOMBERG,1,6-Jun-19,0.01,2.924
SHIF3M,BLOOMBERG,1,10-Jun-19,0.01,2.932
SHIF3M,BLOOMBERG,1,11-Jun-19,0.01,2.94
SHIF3M,BLOOMBERG,1,12-Jun-19,0.01,2.943
SHIF3M,BLOOMBERG,1,13-Jun-19,0.01,2.944
SHIF3M,BLOOMBERG,1,14-Jun-19,0.01,2.947
SHIF3M,BLOOMBERG,1,17-Jun-19,0.01,2.947
